tree
version=v4
num_class=1
num_tree_per_iteration=1
label_index=0
max_feature_idx=40
objective=regression
feature_names=cos_hour courier_Logistics courier_Motorbike courier_Onboarder courier_SUV courier_UberEats courier_UberX day_of_week driver_orders_category_high driver_orders_category_low driver_orders_category_medium driver_orders_category_novice driver_orders_category_unassigned dropoff_distance_log geo_Defend_CP geo_Drive_momentum geo_Play_offense geo_Unlaunched geo_Unspecified hora_pico_atd hora_pico_ordenes hour hour_bin_04-08 hour_bin_08-12 hour_bin_12-16 hour_bin_16-20 hour_bin_20-24 is_weekend pickup_distance_log pickup_distance_nan pickup_dropoff_ratio_winsor_log rest_offer_missing sin_hour surface_POS surface_Tablet surface_Unspecified surface_Web/Mobile territory_Long_Tail_-_Region territory_North territory_South_East territory_West
feature_infos=[-1:1] [0:1] [0:1] [0:1] [0:1] [0:1] [0:1] [0:6] [0:1] [0:1] [0:1] [0:1] [0:1] [0:4.3134131554942803] [0:1] [0:1] [0:1] [0:1] [0:1] [0:1] [0:1] [0:23] [0:1] [0:1] [0:1] [0:1] [0:1] [0:1] [0:3.0964821766541339] [0:1] [0:1.3313795002174456] [0:1] [-1:1] [0:1] [0:1] [0:1] [0:1] [0:1] [0:1] [0:1] [0:1]
tree_sizes=2963 3163 3181 3170 3177 3163 3177 3182 3170 3182 3171 3192 3177 3195 3189 3169 3176 3181 3193 3164 3198 3167 3191 3196 3183 3195 3193 3190 3193 3198 3197 3187 3176 3195 3192 3192 3206 3180 3184 3208 3193 3211 3178 3196 3218 3193 3202 3193 3196 3201 3187 3217 3202 3210 3175 3191 3217 3223 3187 3198 3219 3212 3195 3213 3213 3217 3206 3180 3222 3206 3212 3202 3218 3210 3180 3210 3213 3215 3206 3201 3191 3185 3199 3204 3224 3211 3216 3208 3219 3205 3214 3204 3211 3198 3223 3210 3208 3210 3244 3199

Tree=0
num_leaves=31
num_cat=0
split_feature=13 5 12 28 13 13 38 12 35 13 2 28 12 13 13 38 13 33 28 13 13 2 28 13 13 31 0 28 28 2
split_gain=24243.8 5430.98 16698.5 4589.03 5202.19 2895.83 1655.63 1558.39 1285.04 889.264 851.717 710.166 660.419 571.38 549.033 485.596 484.299 435.435 393.321 377.823 308.204 286.957 268.955 237.827 252.499 226.233 220.063 203.665 195.555 178.615
threshold=1.7901748776145732 1.0000000180025095e-35 1.0000000180025095e-35 1.0000000180025095e-35 1.1958902166992444 2.2392724853635406 1.0000000180025095e-35 1.0000000180025095e-35 1.0000000180025095e-35 1.5165299258755294 1.0000000180025095e-35 1.3674937235443207 1.0000000180025095e-35 0.86310088111515426 2.5981609247964816 1.0000000180025095e-35 1.0000000180025095e-35 1.0000000180025095e-35 1.4453883934859626 1.9980281010189185 1.2978728901952092 1.0000000180025095e-35 1.4349654634956897 1.3715613534716977 0.068125719969713269 1.0000000180025095e-35 0.60355339059327384 1.2396777184720602 1.3948823706269662 1.0000000180025095e-35
decision_type=2 2 2 2 2 2 2 2 2 2 2 2 2 2 2 2 2 2 2 2 2 2 2 2 2 2 2 2 2 2
left_child=1 2 3 16 11 7 17 10 25 18 15 13 14 -5 21 -2 -1 20 -6 -12 -3 -7 -11 24 -8 28 -22 -10 -4 -16
right_child=5 6 8 4 9 12 23 -9 27 22 19 -13 -14 -15 29 -17 -18 -19 -20 -21 26 -23 -24 -25 -26 -27 -28 -29 -30 -31
leaf_value=3.5557298489950693 3.5585755886504016 3.5556629040463186 3.5358995737116645 3.5492890411327527 3.5514728607642745 3.5582589093455272 3.5563940580087383 3.5390380939313042 3.5241983530712981 3.5526074458904811 3.5539095653475616 3.5519245624774465 3.5416742956247362 3.5503677879510609 3.5605262006764589 3.5553353627891155 3.5534871211156411 3.5524488905343232 3.5532520865338513 3.5549291689240103 3.5575844725534407 3.5562376406596958 3.5540200959561727 3.5540470966312578 3.5517133497034901 3.5509881758777802 3.5624213426382498 3.5319626130111956 3.544002627604756 3.5579957538143074
leaf_weight=22565 7669 10573 3339 86192 136088 8074 1258 642 1164 105753 77575 19040 284 114098 3427 11653 16795 2398 13673 68378 11682 53996 15446 10897 13741 113 1023 476 327 14995
leaf_count=22565 7669 10573 3339 86192 136088 8074 1258 642 1164 105753 77575 19040 284 114098 3427 11653 16795 2398 13673 68378 11682 53996 15446 10897 13741 113 1023 476 327 14995
internal_value=3.55271 3.55161 3.55131 3.55149 3.55122 3.55534 3.55471 3.55459 3.53384 3.55215 3.55465 3.55008 3.5569 3.5499 3.55695 3.55662 3.55477 3.55651 3.55164 3.55439 3.55692 3.5565 3.55279 3.55292 3.55211 3.53705 3.55797 3.52645 3.53662 3.55847
internal_weight=833334 586641 535069 529650 490290 246693 51572 165917 5419 270960 165275 219330 80776 200290 80492 19322 39360 25676 149761 145953 23278 62070 121199 25896 14999 3779 12705 1640 3666 18422
internal_count=833334 586641 535069 529650 490290 246693 51572 165917 5419 270960 165275 219330 80776 200290 80492 19322 39360 25676 149761 145953 23278 62070 121199 25896 14999 3779 12705 1640 3666 18422
is_linear=0
shrinkage=1


Tree=1
num_leaves=31
num_cat=0
split_feature=13 5 12 28 13 13 12 38 35 2 13 28 12 13 13 38 13 13 33 28 13 2 28 5 0 13 13 31 28 2
split_gain=23764.9 5244.07 15877.9 4539.4 4767.75 3113.51 1956.89 1604.61 1263.29 888.562 753.596 696.034 658.132 564.143 560.009 499.244 490.081 426.048 419.776 360.478 292.94 279.792 268.7 264.473 217.766 215.154 247.474 206.58 195.035 191.958
threshold=1.7637885685920247 1.0000000180025095e-35 1.0000000180025095e-35 1.0000000180025095e-35 1.1958902166992444 2.2281309056183902 1.0000000180025095e-35 1.0000000180025095e-35 1.0000000180025095e-35 1.0000000180025095e-35 1.4948123803045086 1.3674937235443207 1.0000000180025095e-35 2.568366588257883 0.86310088111515426 1.0000000180025095e-35 1.0000000180025095e-35 1.9733168428063819 1.0000000180025095e-35 1.4453883934859626 1.2978728901952092 1.0000000180025095e-35 1.4349654634956897 1.0000000180025095e-35 0.60355339059327384 1.3715613534716977 0.068125719969713269 1.0000000180025095e-35 1.2396777184720602 1.0000000180025095e-35
decision_type=2 2 2 2 2 2 2 2 2 2 2 2 2 2 2 2 2 2 2 2 2 2 2 2 2 2 2 2 2 2
left_child=1 2 3 16 11 6 9 18 27 15 19 14 13 21 -5 -2 -1 -11 20 -6 -3 -7 -12 -8 -22 26 -9 -4 -10 -15
right_child=5 7 8 4 10 12 23 25 28 17 22 -13 -14 29 -16 -17 -18 -19 -20 -21 24 -23 -24 -25 -26 -27 -28 -29 -30 -31
leaf_value=0.0029859447177992128 0.005718019593739963 0.0029196691695261949 -0.015864988625812124 -0.0033904550763730768 -0.0012676631812176429 0.0054118371693659033 -0.015005594234438225 0.0036435116512248695 -0.028271102163837186 0.0010625606868862824 -0.00020645851475410454 -0.00078128895118808033 -0.010938476948196003 0.0075738664726655571 -0.0023224957239681445 0.0025212944044912915 0.0007094624161311378 0.002114065357053151 -0.00030208460227866817 0.00050809771816326789 0.0047964657945258442 0.0034104549750970901 0.0012214175836419315 0.015260117751235763 0.0096941677919492736 0.0012778156366220054 -0.00099038956707492428 -0.0018886347573865718 -0.020568567413350811 0.0051087236209660415
leaf_weight=22565 8091 10573 3552 86192 126844 8023 768 1258 1152 80132 105672 19040 290 3853 114098 12331 16279 74227 2345 12564 11318 53997 15057 30 987 10254 13741 109 460 17532
leaf_count=22565 8091 10573 3552 86192 126844 8023 768 1258 1152 80132 105672 19040 290 3853 114098 12331 16279 74227 2345 12564 11318 53997 15057 30 987 10254 13741 109 460 17532
internal_value=-2.61984e-12 -0.0011349 -0.00143166 -0.00125602 -0.00152239 0.0025128 0.00175621 0.00194336 -0.0186968 0.00182755 -0.000606748 -0.00260839 0.0041 0.00415229 -0.00278208 0.00378781 0.0020319 0.0015682 0.00372738 -0.00110762 0.00414041 0.00366936 -2.83776e-05 -0.0138678 0.00518932 0.000161459 -0.000601734 -0.0154489 -0.0260731 0.00555288
internal_weight=833334 574060 523584 518311 479467 259274 175579 50476 5273 174781 260137 219330 83695 83405 200290 20422 38844 154359 25223 139408 22878 62020 120729 798 12305 25253 14999 3661 1612 21385
internal_count=833334 574060 523584 518311 479467 259274 175579 50476 5273 174781 260137 219330 83695 83405 200290 20422 38844 154359 25223 139408 22878 62020 120729 798 12305 25253 14999 3661 1612 21385
is_linear=0
shrinkage=0.01


Tree=2
num_leaves=31
num_cat=0
split_feature=13 5 12 28 13 13 38 12 35 13 2 28 12 13 13 38 13 33 28 13 13 2 28 13 13 31 0 28 33 2
split_gain=23293 5216.85 16041.9 4408.96 4996.17 2781.71 1590.46 1495.52 1234.51 854.637 818.385 682.183 634.409 549.395 528.132 466.668 465.036 418.452 377.823 363.105 296.052 275.553 258.707 228.353 242.55 217.546 212.842 195.606 192.835 173.031
threshold=1.7901748776145732 1.0000000180025095e-35 1.0000000180025095e-35 1.0000000180025095e-35 1.1958902166992444 2.2392724853635406 1.0000000180025095e-35 1.0000000180025095e-35 1.0000000180025095e-35 1.5165299258755294 1.0000000180025095e-35 1.3674937235443207 1.0000000180025095e-35 0.84221350528399996 2.5981609247964816 1.0000000180025095e-35 1.0000000180025095e-35 1.0000000180025095e-35 1.4453883934859626 1.9980281010189185 1.2978728901952092 1.0000000180025095e-35 1.4349654634956897 1.3715613534716977 0.068125719969713269 1.0000000180025095e-35 0.78656609248549303 1.2396777184720602 1.0000000180025095e-35 1.0000000180025095e-35
decision_type=2 2 2 2 2 2 2 2 2 2 2 2 2 2 2 2 2 2 2 2 2 2 2 2 2 2 2 2 2 2
left_child=1 2 3 16 11 7 17 10 25 18 15 13 14 -5 21 -2 -1 20 -6 -12 -3 -7 -11 24 -8 28 -22 -10 -4 -15
right_child=5 6 8 4 9 12 23 -9 27 22 19 -13 -14 29 -16 -17 -18 -19 -20 -21 26 -23 -24 -25 -26 -27 -28 -29 -30 -31
leaf_value=0.0029560852292892293 0.0057461117306462153 0.0028904726140177011 -0.013783822927231968 -0.0033917069294539478 -0.0012165207623080682 0.0054344553391551011 0.0036070765245932381 -0.01339581700947101 -0.027948892820191241 -0.00010436003887438976 0.0011721015027905816 -0.00077347602711642666 -0.010819668440200703 -0.0012496007457629555 0.0056395430415249973 0.0025696645219866095 0.0007584119897417075 -0.00026051379055563905 0.00052730037913134727 0.0021716495984567797 0.0048940576439985128 0.0034537560029982472 0.0012811157938392591 0.001306391062631175 -0.00098048566021941355 -0.0016847822759959814 0.011563606557913638 -0.020339803138137366 -0.018417650600876783 -0.002458642068618835
leaf_weight=22565 7669 10573 2093 80717 136088 8074 1258 642 1164 105753 77575 19040 284 13321 18422 11653 16795 2398 13673 68378 12207 53996 15446 10897 13741 113 498 476 1573 106252
leaf_count=22565 7669 10573 2093 80717 136088 8074 1258 642 1164 105753 77575 19040 284 13321 18422 11653 16795 2398 13673 68378 12207 53996 15446 10897 13741 113 498 476 1573 106252
internal_value=3.14261e-11 -0.00108416 -0.00137693 -0.00120179 -0.0014603 0.00257817 0.00195333 0.00183724 -0.0184951 -0.000552083 0.00189642 -0.00258231 0.00410005 -0.00275426 0.00415269 0.00383041 0.00201833 0.00371696 -0.00105731 0.00164038 0.0041267 0.0037114 7.22096e-05 0.000204688 -0.000595716 -0.0153509 0.00515549 -0.0257404 -0.0157721 -0.00232395
internal_weight=833334 586641 535069 529650 490290 246693 51572 165917 5419 270960 165275 219330 80776 200290 80492 19322 39360 25676 149761 145953 23278 62070 121199 25896 14999 3779 12705 1640 3666 119573
internal_count=833334 586641 535069 529650 490290 246693 51572 165917 5419 270960 165275 219330 80776 200290 80492 19322 39360 25676 149761 145953 23278 62070 121199 25896 14999 3779 12705 1640 3666 119573
is_linear=0
shrinkage=0.01


Tree=3
num_leaves=31
num_cat=0
split_feature=13 5 12 28 13 13 12 38 35 2 13 28 12 13 13 38 13 13 33 28 13 2 28 5 0 13 13 31 2 28
split_gain=22833.6 5037.39 15251.5 4360.24 4578.86 2990.51 1879.95 1541.44 1213.73 853.748 724.354 669.02 632.178 542.718 536.393 479.667 471.006 409.344 403.292 346.33 281.361 268.794 258.651 257.541 210.616 206.853 263.291 198.367 187.685 187.441
threshold=1.7637885685920247 1.0000000180025095e-35 1.0000000180025095e-35 1.0000000180025095e-35 1.1958902166992444 2.2281309056183902 1.0000000180025095e-35 1.0000000180025095e-35 1.0000000180025095e-35 1.0000000180025095e-35 1.4948123803045086 1.3332890671097923 1.0000000180025095e-35 2.568366588257883 0.77725849676717196 1.0000000180025095e-35 1.0000000180025095e-35 1.9733168428063819 1.0000000180025095e-35 1.4453883934859626 1.2978728901952092 1.0000000180025095e-35 1.3416891691482804 1.0000000180025095e-35 0.60355339059327384 1.2546183788285423 0.068125719969713269 1.0000000180025095e-35 1.0000000180025095e-35 1.3948823706269662
decision_type=2 2 2 2 2 2 2 2 2 2 2 2 2 2 2 2 2 2 2 2 2 2 2 2 2 2 2 2 2 2
left_child=1 2 3 16 11 6 9 18 27 15 19 14 13 21 -5 -2 -1 -11 20 -6 -3 -7 -12 -8 -22 26 -9 29 -15 -4
right_child=5 7 8 4 10 12 23 25 -10 17 22 -13 -14 28 -16 -17 -18 -19 -20 -21 24 -23 -24 -25 -26 -27 -28 -29 -30 -31
leaf_value=0.0029265244676105126 0.005604959321721891 0.0028615677244970194 -0.016263962870798378 -0.0034901584243438605 -0.0012428213495256518 0.0053040679044708593 -0.014714997347497654 0.0035710057494784328 -0.025554601943938448 0.0010416512936063838 -0.00023315564378695525 -0.00087018537448633961 -0.010720362640869131 0.0074419591890546432 -0.0023776492540887512 0.0024715380013340428 0.00069478361901159711 0.0020723376111412453 -0.0002964587122322803 0.0004977437805224901 0.0046995605613261047 0.0033424155053145567 0.0010156899873277354 0.015151441408942144 0.0095161875497996561 0.0010453507638816253 -0.0012557446144776392 -0.0018529005810071569 0.005004403928472202 -0.0081717728206792926
leaf_weight=22565 8091 10573 3238 64048 126844 8023 768 1258 1612 80132 100882 21248 290 3853 134034 12331 16279 74227 2345 12564 11318 53997 19847 30 987 12877 11118 109 17532 314
leaf_count=22565 8091 10573 3238 64048 126844 8023 768 1258 1612 80132 100882 21248 290 3853 134034 12331 16279 74227 2345 12564 11318 53997 19847 30 987 12877 11118 109 17532 314
internal_value=-5.89603e-12 -0.00111244 -0.0014033 -0.00123115 -0.00149221 0.00246307 0.00172158 0.00190455 -0.0183244 0.00179149 -0.000594893 -0.00255648 0.0040186 0.00406985 -0.00273737 0.00371297 0.00199123 0.00153728 0.0036531 -0.00108595 0.00405794 0.00359618 -2.78542e-05 -0.0135922 0.00508591 0.000158078 -0.000765113 -0.0151408 0.00544359 -0.0155486
internal_weight=833334 574060 523584 518311 479467 259274 175579 50476 5273 174781 260137 219330 83695 83405 198082 20422 38844 154359 25223 139408 22878 62020 120729 798 12305 25253 12376 3661 21385 3552
internal_count=833334 574060 523584 518311 479467 259274 175579 50476 5273 174781 260137 219330 83695 83405 198082 20422 38844 154359 25223 139408 22878 62020 120729 798 12305 25253 12376 3661 21385 3552
is_linear=0
shrinkage=0.01


Tree=4
num_leaves=31
num_cat=0
split_feature=13 5 12 28 13 13 38 12 35 13 2 28 12 13 13 38 13 33 28 13 13 2 28 13 13 31 0 28 33 2
split_gain=22379.5 5011.17 15411.2 4235.96 4798.31 2672.08 1527.86 1435.17 1185.97 821.356 786.359 656.074 609.423 530.077 508.027 448.478 446.535 402.132 363.004 348.962 284.618 264.599 249.539 220.046 233.152 209.195 207.55 191.585 188.679 168.276
threshold=1.7901748776145732 1.0000000180025095e-35 1.0000000180025095e-35 1.0000000180025095e-35 1.1958902166992444 2.2392724853635406 1.0000000180025095e-35 1.0000000180025095e-35 1.0000000180025095e-35 1.5165299258755294 1.0000000180025095e-35 1.3674937235443207 1.0000000180025095e-35 0.86310088111515426 2.5981609247964816 1.0000000180025095e-35 1.0000000180025095e-35 1.0000000180025095e-35 1.4453883934859626 1.9980281010189185 1.329327096723335 1.0000000180025095e-35 1.4349654634956897 1.3715613534716977 0.068125719969713269 1.0000000180025095e-35 0.78656609248549303 1.2396777184720602 1.0000000180025095e-35 1.0000000180025095e-35
decision_type=2 2 2 2 2 2 2 2 2 2 2 2 2 2 2 2 2 2 2 2 2 2 2 2 2 2 2 2 2 2
left_child=1 2 3 16 11 7 17 10 25 18 15 13 14 -5 21 -2 -1 20 -6 -12 -3 -7 -11 24 -8 28 -22 -10 -4 -16
right_child=5 6 8 4 9 12 23 -9 27 22 19 -13 -14 -15 29 -17 -18 -19 -20 -21 26 -23 -24 -25 -26 -27 -28 -29 -30 -31
leaf_value=0.0028972592104918498 0.0056326650599359549 0.0028772486485939687 -0.013492416788991759 -0.0032914416025765936 -0.0011926514916844541 0.0053259422103286548 0.0035352956067377611 -0.013121595283726526 -0.02741497525074791 -0.00010269844125259409 0.0011488495846210666 -0.00075703943622079163 -0.010604268135888254 -0.0022524155852202193 0.0075277792325786439 0.0025187372166901806 0.00074374517793586849 -0.00025624851635060609 0.00051662978469441058 0.0021287383031117712 0.0048289894311639853 0.0033850133356856183 0.0012580082549651795 0.0012819157367417097 -0.00096251587953999384 -0.001644852539211248 0.011523842744898623 -0.019884502840142291 -0.018076040059818461 0.0050716638967398687
leaf_weight=22565 7669 11009 2093 86192 136088 8074 1258 642 1164 105753 77575 19040 284 114098 3427 11653 16795 2398 13673 68378 11787 53996 15446 10897 13741 113 482 476 1573 14995
leaf_count=22565 7669 11009 2093 86192 136088 8074 1258 642 1164 105753 77575 19040 284 114098 3427 11653 16795 2398 13673 68378 11787 53996 15446 10897 13741 113 482 476 1573 14995
internal_value=-5.55404e-12 -0.00106269 -0.00134963 -0.00117797 -0.00143135 0.0025271 0.00191432 0.00180093 -0.0181279 -0.000541302 0.00185889 -0.00253092 0.0040187 -0.00269955 0.00407029 0.00375467 0.00197835 0.00364289 -0.0010366 0.00160792 0.00404457 0.00363749 7.07145e-05 0.000200437 -0.000585274 -0.0150461 0.005092 -0.0252293 -0.0154591 0.00552857
internal_weight=833334 586641 535069 529650 490290 246693 51572 165917 5419 270960 165275 219330 80776 200290 80492 19322 39360 25676 149761 145953 23278 62070 121199 25896 14999 3779 12269 1640 3666 18422
internal_count=833334 586641 535069 529650 490290 246693 51572 165917 5419 270960 165275 219330 80776 200290 80492 19322 39360 25676 149761 145953 23278 62070 121199 25896 14999 3779 12269 1640 3666 18422
is_linear=0
shrinkage=0.01


Tree=5
num_leaves=31
num_cat=0
split_feature=13 5 12 28 13 13 12 38 35 2 13 28 12 13 13 38 13 13 33 28 13 2 5 28 0 13 13 31 28 28
split_gain=21938.7 4838.87 14649.7 4188.14 4397.46 2872.37 1806.05 1480.76 1166.12 820.292 696.248 643.392 607.247 522.108 517.405 460.851 452.678 394.098 387.456 332.738 270.448 258.229 250.799 249.17 203.745 199.739 253.217 190.477 183.639 183.397
threshold=1.7637885685920247 1.0000000180025095e-35 1.0000000180025095e-35 1.0000000180025095e-35 1.1958902166992444 2.2281309056183902 1.0000000180025095e-35 1.0000000180025095e-35 1.0000000180025095e-35 1.0000000180025095e-35 1.4948123803045086 1.3332890671097923 1.0000000180025095e-35 2.568366588257883 0.77725849676717196 1.0000000180025095e-35 1.0000000180025095e-35 1.948834438036416 1.0000000180025095e-35 1.4453883934859626 1.2978728901952092 1.0000000180025095e-35 1.0000000180025095e-35 1.3416891691482804 0.60355339059327384 1.2546183788285423 0.068125719969713269 1.0000000180025095e-35 1.2396777184720602 1.3948823706269662
decision_type=2 2 2 2 2 2 2 2 2 2 2 2 2 2 2 2 2 2 2 2 2 2 2 2 2 2 2 2 2 2
left_child=1 2 3 16 11 6 9 18 27 15 19 14 13 21 -5 -2 -1 -11 20 -6 -3 -7 -8 -12 -22 26 -9 29 -10 -4
right_child=5 7 8 4 10 12 22 25 28 17 23 -13 -14 -15 -16 -17 -18 -19 -20 -21 24 -23 -24 -25 -26 -27 -28 -29 -30 -31
leaf_value=0.002868286596310869 0.0054941136234771485 0.0028041795903486428 -0.015946114100690932 -0.00342234243306029 -0.0012184665805424068 0.0051984472410995198 -0.014430171815444435 0.0034999427163620134 -0.027179206686269025 0.00096432332830283121 -0.00022884332976072969 -0.00085192496897537194 -0.010506595478232565 0.0053364473543914617 -0.0023297008451526194 0.0024227648087502213 0.00068039840319794479 0.0019774646302956277 -0.00029093160865002315 0.00048760010971909046 0.0046049596622559329 0.0032757316558462944 0.01504276699355493 0.00099689947773419973 0.009342372988303746 0.0010266499239414634 -0.0012335620894377663 -0.0018179230233056282 -0.019705092761017708 -0.0079417011364152548
leaf_weight=22565 8091 10573 3238 64048 126844 8023 768 1258 1152 71683 100882 21248 290 21385 134034 12331 16279 82676 2345 12564 11318 53997 30 19847 987 12877 11118 109 460 314
leaf_count=22565 8091 10573 3238 64048 126844 8023 768 1258 1152 71683 100882 21248 290 21385 134034 12331 16279 82676 2345 12564 11318 53997 30 19847 987 12877 11118 109 460 314
internal_value=9.26188e-12 -0.00109043 -0.00137549 -0.00120678 -0.00146263 0.00241432 0.00168762 0.00186652 -0.0179594 0.00175615 -0.000583268 -0.00250561 0.00393882 0.00398905 -0.002683 0.0036396 0.00195137 0.00150697 0.00358031 -0.00106471 0.00397712 0.00352446 -0.0133222 -2.73398e-05 0.00498495 0.000154768 -0.000752409 -0.0148389 -0.0250464 -0.0152385
internal_weight=833334 574060 523584 518311 479467 259274 175579 50476 5273 174781 260137 219330 83695 83405 198082 20422 38844 154359 25223 139408 22878 62020 798 120729 12305 25253 12376 3661 1612 3552
internal_count=833334 574060 523584 518311 479467 259274 175579 50476 5273 174781 260137 219330 83695 83405 198082 20422 38844 154359 25223 139408 22878 62020 798 120729 12305 25253 12376 3661 1612 3552
is_linear=0
shrinkage=0.01


Tree=6
num_leaves=31
num_cat=0
split_feature=13 5 12 28 13 13 12 38 35 2 13 28 12 13 13 13 38 33 13 28 13 5 28 2 2 0 13 13 2 31
split_gain=21502.2 4742.58 14358.2 4104.79 4309.95 2816.25 1734.01 1451.29 1142.91 776.205 682.393 631.62 630.877 565.759 523.201 443.67 433.705 379.746 343.44 326.116 265.139 247.909 244.401 243.216 217.831 200.826 195.893 224.118 193.021 186.687
threshold=1.7637885685920247 1.0000000180025095e-35 1.0000000180025095e-35 1.0000000180025095e-35 1.1958902166992444 2.205578473534255 1.0000000180025095e-35 1.0000000180025095e-35 1.0000000180025095e-35 1.0000000180025095e-35 1.4948123803045086 1.4150032803797856 1.0000000180025095e-35 2.4919236388399364 0.77725849676717196 1.0000000180025095e-35 1.0000000180025095e-35 1.0000000180025095e-35 1.948834438036416 1.4453883934859626 1.329327096723335 1.0000000180025095e-35 1.4349654634956897 1.0000000180025095e-35 1.0000000180025095e-35 0.78656609248549303 1.3715613534716977 0.068125719969713269 1.0000000180025095e-35 1.0000000180025095e-35
decision_type=2 2 2 2 2 2 2 2 2 2 2 2 2 2 2 2 2 2 2 2 2 2 2 2 2 2 2 2 2 2
left_child=1 2 3 15 11 6 9 17 29 16 19 14 13 23 -5 -1 -2 20 -11 -6 -3 -8 -12 -7 -15 -22 27 -9 -16 -4
right_child=5 7 8 4 10 12 21 26 -10 18 22 -13 -14 24 28 -17 -18 -19 -20 -21 25 -23 -24 -25 -26 -27 -28 -29 -30 -31
leaf_value=0.0028396037647149502 0.0053963431481447426 0.0028195533811807556 -0.015086131437611085 -0.0033685418569762886 -0.0012062819498604737 0.00500166461644497 -0.014427244973267373 0.003464943379417672 -0.024795930924543432 0.00095468009675292681 -0.000196904596884851 -0.00059055953821747931 -0.010350461082552343 0.0068300726051475479 -0.0012468502726168628 0.00067359434436684398 0.0023640137248561737 -0.00028802228449354334 0.001915652731963766 0.00048272401424966012 0.0047132471096158609 0.014892339438820878 0.0011648795488006234 0.0030554313772491589 0.004590619995537005 0.011459586638779723 0.0012184344731473969 -0.00094486961181421711 -0.0024180691684934428 -0.0017997436756866242
leaf_weight=22565 7807 11009 3552 65489 126844 7335 745 1258 1612 71683 105672 16363 313 5240 15913 16279 11916 2345 77289 12564 11410 30 15057 51530 25386 459 10254 13741 121565 109
leaf_count=22565 7807 11009 3552 65489 126844 7335 745 1258 1612 71683 105672 16363 313 5240 15913 16279 11916 2345 77289 12564 11410 30 15057 51530 25386 459 10254 13741 121565 109
internal_value=-1.07043e-11 -0.00107952 -0.00136174 -0.00119471 -0.00144801 0.00239018 0.0016315 0.00184786 -0.0177799 0.00170006 -0.000577436 -0.00248055 0.00382189 0.00387146 -0.00263292 0.00193186 0.00356431 0.00354451 0.00145325 -0.00105406 0.00393734 -0.0132923 -2.70665e-05 0.00329795 0.00497378 0.00497414 0.00015322 -0.000575009 -0.0022825 -0.0146906
internal_weight=833334 574060 523584 518311 479467 259274 169470 50476 5273 168695 260137 219330 89804 89491 202967 38844 19723 25223 148972 139408 22878 775 120729 58865 30626 11869 25253 14999 137478 3661
internal_count=833334 574060 523584 518311 479467 259274 169470 50476 5273 168695 260137 219330 89804 89491 202967 38844 19723 25223 148972 139408 22878 775 120729 58865 30626 11869 25253 14999 137478 3661
is_linear=0
shrinkage=0.01


Tree=7
num_leaves=31
num_cat=0
split_feature=13 5 12 28 13 13 38 12 35 13 2 12 13 13 38 13 33 28 13 28 28 13 2 28 13 13 31 0 33 28
split_gain=21077.1 4717.63 14511.8 3989.46 4521.56 2516.89 1438.58 1348.43 1116.76 755.234 740.85 573.849 570.587 481.493 422.94 420.049 378.921 348.002 329.956 322.051 284.404 268.157 248.927 230.654 207.791 218.655 197.379 196.823 184.612 183.883
threshold=1.7901748776145732 1.0000000180025095e-35 1.0000000180025095e-35 1.0000000180025095e-35 1.2611562078191694 2.2392724853635406 1.0000000180025095e-35 1.0000000180025095e-35 1.0000000180025095e-35 0.91968494507747989 1.0000000180025095e-35 1.0000000180025095e-35 1.5211584392198148 2.5981609247964816 1.0000000180025095e-35 1.0000000180025095e-35 1.0000000180025095e-35 1.3332890671097923 1.9980281010189185 1.4150032803797856 1.4453883934859626 1.329327096723335 1.0000000180025095e-35 1.4349654634956897 1.3773797357772766 0.068125719969713269 1.0000000180025095e-35 0.78656609248549303 1.0000000180025095e-35 1.2396777184720602
decision_type=2 2 2 2 2 2 2 2 2 2 2 2 2 2 2 2 2 2 2 2 2 2 2 2 2 2 2 2 2 2
left_child=1 2 3 15 9 7 16 10 26 19 14 13 20 22 -2 -1 21 -11 -12 -5 -6 -3 -7 -14 25 -8 28 -23 -4 -10
right_child=5 6 8 4 12 11 24 -9 29 17 18 -13 23 -15 -16 -17 -18 -19 -20 -21 -22 27 -24 -25 -26 -27 -28 -29 -30 -31
leaf_value=0.0028112076263886931 0.0054677267174908914 0.0027913577760740656 -0.013056346020979227 -0.0030953173288889037 -0.0010491809643565341 0.0051665031803894371 0.0034302939055057204 -0.012716834110938989 -0.02662345753584211 -0.0020115166112412309 0.0011138866719763382 -0.010289654920736826 -9.0472096949760039e-05 0.0053698467260886234 0.0024437579096212802 0.00072253796816795887 -0.00025043134803120966 -0.00036812026266038562 0.0020667168633882751 -0.00099763109813162513 0.00059774208459452893 0.0046849846133331687 0.0032839291531271547 0.0012280980856475205 0.0012558040914120588 -0.0009237531734709438 -0.001583292877252123 0.011204523388103144 -0.017590302450722115 -0.019245905944247958
leaf_weight=22565 7669 11009 2093 103635 111122 8074 1258 642 1164 122649 77575 284 103823 18422 11653 16795 2398 14398 68378 7875 11578 11787 53996 15210 10769 13869 113 482 1573 476
leaf_count=22565 7669 11009 2093 103635 111122 8074 1258 642 1164 122649 77575 284 103823 18422 11653 16795 2398 14398 68378 7875 11578 11787 53996 15210 10769 13869 113 482 1573 476
internal_value=-3.78751e-12 -0.00103131 -0.00130971 -0.00114313 -0.00138904 0.00245247 0.0018572 0.0017477 -0.0175911 -0.00233608 0.00180388 0.0039001 -0.000415252 0.00395017 0.00364399 0.00191997 0.00353451 -0.00183886 0.00156028 -0.00294718 -0.000893777 0.00392442 0.00352881 7.80144e-05 0.000194143 -0.000561659 -0.0146005 0.00494111 -0.0150018 -0.0244822
internal_weight=833334 586641 535069 529650 490290 246693 51572 165917 5419 248557 165275 80776 241733 80492 19322 39360 25676 137047 145953 111510 122700 23278 62070 119033 25896 15127 3779 12269 3666 1640
internal_count=833334 586641 535069 529650 490290 246693 51572 165917 5419 248557 165275 80776 241733 80492 19322 39360 25676 137047 145953 111510 122700 23278 62070 119033 25896 15127 3779 12269 3666 1640
is_linear=0
shrinkage=0.01


Tree=8
num_leaves=31
num_cat=0
split_feature=13 5 12 28 13 13 12 38 35 2 13 28 12 13 13 13 38 33 13 28 13 5 28 2 2 0 13 13 14 28
split_gain=20659.4 4555.67 13791.7 3942.75 4143.4 2706.34 1666.05 1394.16 1098.07 745.662 654.835 608.209 605.83 546.692 489.743 426.411 416.67 364.832 330.291 313.418 255.708 241.434 235.964 225.823 221.573 196.086 190.146 238.982 181.441 180.231
threshold=1.7637885685920247 1.0000000180025095e-35 1.0000000180025095e-35 1.0000000180025095e-35 1.1958902166992444 2.205578473534255 1.0000000180025095e-35 1.0000000180025095e-35 1.0000000180025095e-35 1.0000000180025095e-35 1.4948123803045086 1.3332890671097923 1.0000000180025095e-35 2.46915829192403 0.77725849676717196 1.0000000180025095e-35 1.0000000180025095e-35 1.0000000180025095e-35 1.948834438036416 1.4349654634956897 1.1958902166992444 1.0000000180025095e-35 1.3416891691482804 1.0000000180025095e-35 1.0000000180025095e-35 0.78656609248549303 1.2546183788285423 0.068125719969713269 1.0000000180025095e-35 1.3948823706269662
decision_type=2 2 2 2 2 2 2 2 2 2 2 2 2 2 2 2 2 2 2 2 2 2 2 2 2 2 2 2 2 2
left_child=1 2 3 15 11 6 9 17 29 16 19 14 13 24 -5 -1 -2 20 -11 -6 -3 -8 -12 -15 -7 -22 27 -9 -16 -4
right_child=5 7 8 4 10 12 21 26 -10 18 22 -13 -14 23 28 -17 -18 -19 -20 -21 25 -23 -24 -25 -26 -27 -28 -29 -30 -31
leaf_value=0.0027830956366760458 0.0052892416129318252 0.0025766158059468327 -0.01509131928992781 -0.0033234804996031108 -0.001184823458386516 0.004863021500567952 -0.014149319078257594 0.0033959909918938732 -0.024302789875971752 0.00093550806546906652 -0.00022266518358934816 -0.00082386764803344238 -0.010141811058633389 0.006620627484986423 -0.0025293181181397983 0.00065963309501452041 0.002317061904795662 -0.00028263776383396469 0.0018779046059355152 0.00044448316203760146 0.0044865254064169269 0.01478485840993623 0.00097015289447905002 0.0044320553040774445 0.0029497232887262755 0.010630161273902173 0.0010007039168638942 -0.0012025402501586152 -0.0017569727951260647 -0.007300952276117826
leaf_weight=22565 7807 9258 3335 64048 126385 6909 745 1258 1612 71683 100882 21248 313 5666 87374 16279 11916 2345 77289 13023 13079 30 19847 28078 48838 541 12877 11118 46660 326
leaf_count=22565 7807 9258 3335 64048 126385 6909 745 1258 1612 71683 100882 21248 313 5666 87374 16279 11916 2345 77289 13023 13079 30 19847 28078 48838 541 12877 11118 46660 326
internal_value=-1.83496e-12 -0.00105816 -0.00133475 -0.00117105 -0.0014193 0.00234287 0.00159914 0.00181096 -0.0174257 0.00166635 -0.000565716 -0.0024317 0.00374636 0.00379494 -0.00260417 0.00189318 0.00349355 0.00347388 0.00142444 -0.00103262 0.00385893 -0.0130293 -2.65743e-05 0.00479954 0.00318685 0.00473056 0.000150017 -0.000735107 -0.00226045 -0.0143976
internal_weight=833334 574060 523584 518311 479467 259274 169470 50476 5273 168695 260137 219330 89804 89491 198082 38844 19723 25223 148972 139408 22878 775 120729 33744 55747 13620 25253 12376 134034 3661
internal_count=833334 574060 523584 518311 479467 259274 169470 50476 5273 168695 260137 219330 89804 89491 198082 38844 19723 25223 148972 139408 22878 775 120729 33744 55747 13620 25253 12376 134034 3661
is_linear=0
shrinkage=0.01


Tree=9
num_leaves=31
num_cat=0
split_feature=13 5 12 28 13 13 38 12 35 13 2 12 13 13 38 30 33 28 13 28 28 13 2 28 13 13 31 0 33 28
split_gain=20250 4531.6 13941.2 3832.93 4346.55 2418.59 1381.96 1293.94 1072.85 728.865 711.918 551.31 547.682 466.295 406.778 403.322 364.146 335.225 317.506 309.423 273.36 258.342 252.975 223.036 200.251 210.186 193.403 190.735 180.639 180.107
threshold=1.7901748776145732 1.0000000180025095e-35 1.0000000180025095e-35 1.0000000180025095e-35 1.2611562078191694 2.2392724853635406 1.0000000180025095e-35 1.0000000180025095e-35 1.0000000180025095e-35 0.91968494507747989 1.0000000180025095e-35 1.0000000180025095e-35 1.5211584392198148 2.6322844446813778 1.0000000180025095e-35 1.0000000180025095e-35 1.0000000180025095e-35 1.3332890671097923 1.9980281010189185 1.4150032803797856 1.4453883934859626 1.329327096723335 1.0000000180025095e-35 1.4773911250025182 1.3773797357772766 0.068125719969713269 1.0000000180025095e-35 0.60355339059327384 1.0000000180025095e-35 1.2396777184720602
decision_type=2 2 2 2 2 2 2 2 2 2 2 2 2 2 2 8 2 2 2 2 2 2 2 2 2 2 2 2 2 2
left_child=1 2 3 15 9 7 16 10 26 19 14 13 20 22 -2 -1 21 -11 -12 -5 -6 -3 -7 -14 25 -8 28 -23 -4 -10
right_child=5 6 8 4 12 11 24 -9 29 17 18 -13 23 -15 -16 -17 -18 -19 -20 -21 -22 27 -24 -25 -26 -27 -28 -29 -30 -31
leaf_value=0.00070860429294472354 0.0053604054616349685 0.0027341828015054353 -0.012783429738661102 -0.0030355670589647873 -0.0010279169582822377 0.0051064294201642437 0.0033620310687516087 -0.012456292651413804 -0.026115241821197621 -0.0019710208160815508 0.0010913474635497649 -0.010085340380786696 -7.7328874356081612e-05 0.0054378251048064772 0.0023947798556853274 0.0027552646339774629 -0.00024633216091025434 -0.00035807580119039735 0.002026028426561939 -0.00097941600296040264 0.00058671148482087232 0.0044760502597550912 0.0032598718104975607 0.0012943867525963746 0.0012323372597702329 -0.00090686050482320191 -0.0014251531880818701 0.0090666758693869198 -0.017268329852585397 -0.018813831740442443
leaf_weight=16795 7669 11009 2093 103635 111122 8539 1258 642 1164 122649 77575 284 105682 15384 11653 22565 2398 14398 68378 7875 11578 11285 56569 13351 10769 13869 113 984 1573 476
leaf_count=16795 7669 11009 2093 103635 111122 8539 1258 642 1164 122649 77575 284 105682 15384 11653 22565 2398 14398 68378 7875 11578 11285 56569 13351 10769 13869 113 984 1573 476
internal_value=-9.50882e-12 -0.00101087 -0.00128373 -0.00112046 -0.00136149 0.00240387 0.00182012 0.001713 -0.0172418 -0.00229003 0.00176804 0.00382295 -0.000406739 0.00387202 0.00357185 0.00188195 0.00346408 -0.00180157 0.00152924 -0.00289036 -0.00087556 0.00384631 0.00350205 7.65257e-05 0.000190115 -0.000551849 -0.0143106 0.00484423 -0.0147078 -0.0239961
internal_weight=833334 586641 535069 529650 490290 246693 51572 165917 5419 248557 165275 80776 241733 80492 19322 39360 25676 137047 145953 111510 122700 23278 65108 119033 25896 15127 3779 12269 3666 1640
internal_count=833334 586641 535069 529650 490290 246693 51572 165917 5419 248557 165275 80776 241733 80492 19322 39360 25676 137047 145953 111510 122700 23278 65108 119033 25896 15127 3779 12269 3666 1640
is_linear=0
shrinkage=0.01


Tree=10
num_leaves=31
num_cat=0
split_feature=13 5 12 28 13 13 12 38 35 2 13 12 28 13 13 30 38 33 13 28 13 5 28 2 2 0 2 13 13 28
split_gain=19849.7 4376.12 13247.5 3787.1 3983.69 2600.72 1600.76 1339.26 1055 716.325 645.586 581.777 578.402 528.349 474.997 409.827 400.308 350.5 317.645 308.932 246.683 235.163 227.558 219.176 213.017 203.331 189.561 183.664 229.854 176.301
threshold=1.7637885685920247 1.0000000180025095e-35 1.0000000180025095e-35 1.0000000180025095e-35 1.1895188357758253 2.205578473534255 1.0000000180025095e-35 1.0000000180025095e-35 1.0000000180025095e-35 1.0000000180025095e-35 1.4948123803045086 1.0000000180025095e-35 1.4150032803797856 2.46915829192403 0.77725849676717196 1.0000000180025095e-35 1.0000000180025095e-35 1.0000000180025095e-35 1.948834438036416 1.4349654634956897 1.1633070353967037 1.0000000180025095e-35 1.3416891691482804 1.0000000180025095e-35 1.0000000180025095e-35 0.78656609248549303 1.0000000180025095e-35 1.2546183788285423 0.068125719969713269 1.3948823706269662
decision_type=2 2 2 2 2 2 2 2 2 2 2 2 2 2 2 8 2 2 2 2 2 2 2 2 2 2 2 2 2 2
left_child=1 2 3 15 12 6 9 17 29 16 19 13 14 24 -5 -1 -2 20 -11 -6 -3 -8 -12 -15 -7 -22 -16 28 -9 -4
right_child=5 7 8 4 10 11 21 27 -10 18 22 -13 -14 23 26 -17 -18 -19 -20 -21 25 -23 -24 -25 -26 -27 -28 -29 -30 -31
leaf_value=0.0006459506769459759 0.0051842822242522115 0.0024701312990850336 -0.014796604300852542 -0.0032408628419396085 -0.0011698675101952289 0.0047656234776504514 -0.013876899588121813 0.0033284106985237401 -0.023819444758942345 0.00091672133682439239 -0.00021865785047773091 -0.0099373429244869176 -0.00057403507705905616 0.0065016244263025273 -0.0011687872429080185 0.0027277120170907175 0.0022710432530604788 -0.00027734797478314423 0.0018409012799135761 0.00043439147752999315 0.0043588952069523856 0.014679019290953874 0.00095272117511474531 0.0043455005661750517 0.0028896295271587991 0.010502997734920088 -0.002338766884952586 0.00098294367426197959 -0.0011814461870274958 -0.0070916326663548277
leaf_weight=16279 7807 8812 3335 65489 128927 6909 745 1258 1612 71683 100882 313 16136 5666 15667 22565 11916 2345 77289 13236 13505 30 19847 28078 48838 561 119283 12877 11118 326
leaf_count=16279 7807 8812 3335 65489 128927 6909 745 1258 1612 71683 100882 313 16136 5666 15667 22565 11916 2345 77289 13236 13505 30 19847 28078 48838 561 119283 12877 11118 326
internal_value=-7.78592e-13 -0.00103721 -0.0013083 -0.00114787 -0.00139117 0.0022965 0.00156743 0.0017748 -0.0170786 0.0016333 -0.000563836 0.00367233 -0.00239543 0.00371993 -0.00254206 0.00185527 0.0034242 0.00340465 0.0013962 -0.0010205 0.00378206 -0.0127715 -2.60914e-05 0.00470754 0.00312213 0.00460394 -0.00220294 0.000146881 -0.000723027 -0.0141105
internal_weight=833334 574060 523584 518311 479467 259274 169470 50476 5273 168695 262892 89804 216575 89491 200439 38844 19723 25223 148972 142163 22878 775 120729 33744 55747 14066 134950 25253 12376 3661
internal_count=833334 574060 523584 518311 479467 259274 169470 50476 5273 168695 262892 89804 216575 89491 200439 38844 19723 25223 148972 142163 22878 775 120729 33744 55747 14066 134950 25253 12376 3661
is_linear=0
shrinkage=0.01


Tree=11
num_leaves=31
num_cat=0
split_feature=13 5 12 28 13 13 12 38 35 2 13 13 12 38 13 13 13 33 28 28 28 13 2 13 13 31 0 33 28 14
split_gain=19455.4 4352.91 13393.1 3682.56 4178.65 2327.66 1344.31 1327.56 1030.67 739.466 703.15 528.013 433.252 426.993 402.653 387.257 375.938 349.948 323.385 320.913 296.909 249.09 207.948 192.982 202.044 189.508 183.935 176.751 176.409 175.232
threshold=1.7901748776145732 1.0000000180025095e-35 1.0000000180025095e-35 1.0000000180025095e-35 1.2611562078191694 2.2890438211430628 1.0000000180025095e-35 1.0000000180025095e-35 1.0000000180025095e-35 1.0000000180025095e-35 0.91968494507747989 1.5831965959594523 1.0000000180025095e-35 1.0000000180025095e-35 2.0493044451851294 1.0000000180025095e-35 2.6727683845728754 1.0000000180025095e-35 1.3332890671097923 1.300055403719812 1.4453883934859626 1.2978728901952092 1.0000000180025095e-35 1.3773797357772766 0.068125719969713269 1.0000000180025095e-35 0.60355339059327384 1.0000000180025095e-35 1.2396777184720602 1.0000000180025095e-35
decision_type=2 2 2 2 2 2 2 2 2 2 2 2 2 2 2 2 2 2 2 2 2 2 2 2 2 2 2 2 2 2
left_child=1 2 3 15 10 6 9 17 25 13 20 19 16 -2 -11 -1 22 21 29 -6 -5 -3 -7 24 -9 27 -23 -4 -10 -12
right_child=5 7 8 4 11 12 -8 23 28 14 18 -13 -14 -15 -16 -17 -18 -19 -20 -21 -22 26 -24 -25 -26 -27 -28 -29 -30 -31
leaf_value=0.0027004348956580558 0.0053364144359535817 0.0026358149095138637 -0.01251609160906577 -0.002969891068318103 -0.00095407050866239075 0.0051679444292882784 -0.012289245783297183 0.0032951266819858088 -0.025616919934954432 0.0011599771470900057 -0.0022013332526570708 0.00020740497594873517 -0.0092955276276939832 0.0024124973749549746 0.0021947229759589049 0.00069494898903855421 0.0055525054140364528 -0.00024230243059452207 -0.00034738192350524782 0.00032638562504551703 -0.00086701257123550455 0.0043573649812717339 0.0033821484352660777 0.0012093001583577121 -0.00089027063710343508 -0.0012714434053905442 0.0087794109749422707 -0.016952467636085069 -0.018390840878084052 -0.0014019299095912546
leaf_weight=22565 8307 10573 2093 104334 128441 7539 679 1258 1164 94187 81263 90200 247 12525 62602 16795 12334 2398 14398 23092 7176 11682 48273 10769 13869 113 1023 1573 476 41386
leaf_count=22565 8307 10573 2093 104334 128441 7539 679 1258 1164 94187 81263 90200 247 12525 62602 16795 12334 2398 14398 23092 7176 11682 48273 10769 13869 113 1023 1573 476 41386
internal_value=-3.14222e-12 -0.000990839 -0.00125827 -0.00109824 -0.00133449 0.00235624 0.00175463 0.00178377 -0.0168995 0.00180832 -0.00224492 -0.000398361 0.00392461 0.00357844 0.00157313 0.00184469 0.00397253 0.00339506 -0.00176515 -0.000758943 -0.00283456 0.00376976 0.00362337 0.00018617 -0.000542202 -0.0140265 0.00471343 -0.0144196 -0.0235196 -0.00193159
internal_weight=833334 586641 535069 529650 490290 246693 178300 51572 5419 177621 248557 241733 68393 20832 156789 39360 68146 25676 137047 151533 111510 23278 55812 25896 15127 3779 12705 3666 1640 122649
internal_count=833334 586641 535069 529650 490290 246693 178300 51572 5419 177621 248557 241733 68393 20832 156789 39360 68146 25676 137047 151533 111510 23278 55812 25896 15127 3779 12705 3666 1640 122649
is_linear=0
shrinkage=0.01


Tree=12
num_leaves=31
num_cat=0
split_feature=13 5 12 28 13 13 12 38 35 2 13 12 13 28 13 13 38 33 28 13 13 2 5 28 2 0 2 13 13 28
split_gain=19070.9 4203.58 12724.8 3637.52 3830.35 2502.78 1482.83 1286.52 1013.61 657.833 621.553 608.504 561.691 556.722 459.438 393.893 369.958 336.73 297.982 270.297 237.634 234.592 228.225 221.371 212.43 196.981 191.251 177.406 221.076 172.457
threshold=1.7637885685920247 1.0000000180025095e-35 1.0000000180025095e-35 1.0000000180025095e-35 1.1895188357758253 2.1840830473287376 1.0000000180025095e-35 1.0000000180025095e-35 1.0000000180025095e-35 1.0000000180025095e-35 1.4948123803045086 1.0000000180025095e-35 2.46915829192403 1.4150032803797856 0.7530656430504058 1.0000000180025095e-35 1.0000000180025095e-35 1.0000000180025095e-35 1.4453883934859626 1.9333313642324415 1.1633070353967037 1.0000000180025095e-35 1.0000000180025095e-35 1.3416891691482804 1.0000000180025095e-35 0.78656609248549303 1.0000000180025095e-35 1.2546183788285423 0.068125719969713269 1.3948823706269662
decision_type=2 2 2 2 2 2 2 2 2 2 2 2 2 2 2 2 2 2 2 2 2 2 2 2 2 2 2 2 2 2
left_child=1 2 3 15 13 6 9 17 29 16 18 12 21 14 -5 -1 -2 20 -6 -11 -3 -7 -8 -12 -14 -22 -16 28 -9 -4
right_child=5 7 8 4 10 11 22 27 -10 19 23 -13 24 -15 26 -17 -18 -19 -20 -21 25 -23 -24 -25 -26 -27 -28 -29 -30 -31
leaf_value=0.0026734304778554814 0.0050415360075429091 0.0024190718089190859 -0.014507685558438635 -0.0032242313984641325 -0.0011442315270591952 0.0046533595582175565 -0.013570388783624009 0.0032621753913606184 -0.023345701419852358 0.00086136367703110726 -0.00021460029035361795 -0.01002363637628062 0.006383264589140296 -0.00056137395530674158 -0.0011684823379995285 0.00063254165654327691 0.0021853347564326242 -0.00027215154195735073 0.00045688238500241236 0.0017320525627210735 0.0042721913173202741 0.0027824514434901409 0.014573884959643086 0.00094074455376477533 0.0042605855349950776 0.010319591094727285 -0.0023138543213823276 0.00096550663595523431 -0.001160729004238409 -0.0068871747750318983
leaf_weight=22565 7489 8812 3335 60046 129392 7646 728 1258 1612 66066 100882 330 5666 16136 16523 16279 11497 2345 12771 77456 13505 54288 30 19847 28078 561 123870 12877 11118 326
leaf_count=22565 7489 8812 3335 60046 129392 7646 728 1258 1612 66066 100882 330 5666 16136 16523 16279 11497 2345 12771 77456 13505 54288 30 19847 28078 561 123870 12877 11118 326
internal_value=-1.00181e-11 -0.00101666 -0.00128236 -0.00112511 -0.00136356 0.002251 0.00149758 0.00173935 -0.0167384 0.00156267 -0.00055231 0.00353222 0.00357898 -0.00234831 -0.00249216 0.00181812 0.00331196 0.00333679 -0.0010004 0.00133126 0.00370671 0.00301342 -0.0124565 -2.46697e-05 0.00461701 0.00451338 -0.00217905 0.000143811 -0.000711148 -0.0138291
internal_weight=833334 574060 523584 518311 479467 259274 163266 50476 5273 162508 262892 96008 95678 216575 200439 38844 18986 25223 142163 143522 22878 61934 758 120729 33744 14066 140393 25253 12376 3661
internal_count=833334 574060 523584 518311 479467 259274 163266 50476 5273 162508 262892 96008 95678 216575 200439 38844 18986 25223 142163 143522 22878 61934 758 120729 33744 14066 140393 25253 12376 3661
is_linear=0
shrinkage=0.01


Tree=13
num_leaves=31
num_cat=0
split_feature=13 5 12 28 13 13 12 38 35 2 13 13 12 38 13 30 13 33 28 28 28 13 28 2 13 13 31 0 14 33
split_gain=18691.7 4181.27 12866.5 3538.09 4017.43 2239.08 1290.57 1275.31 990.141 710.676 623.276 560.662 415.733 411.549 387.616 371.824 364.356 336.304 319.566 268.943 261.919 240.299 211.321 199.108 186.23 216.677 185.691 178.685 175.521 172.947
threshold=1.7901748776145732 1.0000000180025095e-35 1.0000000180025095e-35 1.0000000180025095e-35 1.2419908610871515 2.2890438211430628 1.0000000180025095e-35 1.0000000180025095e-35 1.0000000180025095e-35 1.0000000180025095e-35 0.89220291535796681 1.5211584392198148 1.0000000180025095e-35 1.0000000180025095e-35 2.0493044451851294 1.0000000180025095e-35 2.6727683845728754 1.0000000180025095e-35 1.3674937235443207 1.300055403719812 1.4150032803797856 1.329327096723335 1.4773911250025182 1.0000000180025095e-35 1.2546183788285423 0.068125719969713269 1.0000000180025095e-35 0.60355339059327384 1.0000000180025095e-35 1.0000000180025095e-35
decision_type=2 2 2 2 2 2 2 2 2 2 2 2 2 2 2 8 2 2 2 2 2 2 2 2 2 2 2 2 2 2
left_child=1 2 3 15 10 6 9 17 26 13 20 19 16 -2 -11 -1 23 21 28 -6 -5 -3 -13 -7 25 -9 29 -23 -12 -4
right_child=5 7 8 4 11 12 -8 24 -10 14 18 22 -14 -15 -16 -17 -18 -19 -20 -21 -22 27 -24 -25 -26 -27 -28 -29 -30 -31
leaf_value=0.00068157759430124434 0.0052332905477676384 0.0026221553233328125 -0.012254232592432196 -0.0029610678151446948 -0.0010599186329977475 0.0050623564330434211 -0.012040787607353229 0.0032295535611299117 -0.023052610507280361 0.0011361525067604917 -0.0022152199052372424 -7.5142684895280335e-05 -0.0091023357929322524 0.0023627396526153107 0.0021513928759589406 0.0026466963065449917 0.0054501547470473402 -0.00023833234141349387 -0.00028337769115217517 0.00021897223135254308 -0.00098190644642071035 0.0043008235250840913 0.0012600609163967115 0.0033149307090420068 0.0009936685423191198 -0.0011491217918267983 -0.0011220765680865904 0.00874406498319516 -0.0014208336669615505 -0.016642609196762422
leaf_weight=16795 8307 11009 2093 95503 112274 7539 679 1258 1640 94187 82269 105682 247 12525 62602 22565 12334 2398 12735 19265 7190 11285 13351 48273 13520 11118 113 984 42021 1573
leaf_count=16795 8307 11009 2093 95503 112274 7539 679 1258 1640 94187 82269 105682 247 12525 62602 22565 12334 2398 12735 19265 7190 11285 13351 48273 13520 11118 113 984 42021 1573
internal_value=-7.19807e-12 -0.000971196 -0.0012333 -0.00107645 -0.00130802 0.00230952 0.00171948 0.00174816 -0.0165639 0.00177208 -0.00223349 -0.000422637 0.00384777 0.0035074 0.00154151 0.00180818 0.00389471 0.00332742 -0.00179206 -0.000872614 -0.0028225 0.00369474 7.46167e-05 0.00355097 0.000182315 -0.000704037 -0.013748 0.00465718 -0.00194665 -0.0141372
internal_weight=833334 586641 535069 529650 490290 246693 178300 51572 5419 177621 239718 250572 68393 20832 156789 39360 68146 25676 137025 131539 102693 23278 119033 55812 25896 12376 3779 12269 124290 3666
internal_count=833334 586641 535069 529650 490290 246693 178300 51572 5419 177621 239718 250572 68393 20832 156789 39360 68146 25676 137025 131539 102693 23278 119033 55812 25896 12376 3779 12269 124290 3666
is_linear=0
shrinkage=0.01


Tree=14
num_leaves=31
num_cat=0
split_feature=13 5 12 28 13 13 12 38 35 13 13 2 28 12 13 13 38 33 28 2 34 5 28 13 13 0 5 14 13 13
split_gain=18323.6 4037.84 12222.8 3493.9 3681.97 2407.86 1389.76 1235.9 973.918 612.796 596.628 595.877 536.771 466.003 431.669 378.581 340.861 323.501 287.326 263.205 230.971 223.754 213.431 212.626 206.85 270.784 195.085 173.979 170.337 212.365
threshold=1.7637885685920247 1.0000000180025095e-35 1.0000000180025095e-35 1.0000000180025095e-35 1.1895188357758253 2.1529823870768343 1.0000000180025095e-35 1.0000000180025095e-35 1.0000000180025095e-35 2.46915829192403 1.4948123803045086 1.0000000180025095e-35 1.3332890671097923 1.0000000180025095e-35 0.7530656430504058 1.0000000180025095e-35 1.0000000180025095e-35 1.0000000180025095e-35 1.4453883934859626 1.0000000180025095e-35 1.0000000180025095e-35 1.0000000180025095e-35 1.3416891691482804 1.9333313642324415 1.1424696590093568 0.78656609248549303 1.0000000180025095e-35 1.0000000180025095e-35 1.2546183788285423 0.068125719969713269
decision_type=2 2 2 2 2 2 2 2 2 2 2 2 2 2 2 2 2 2 2 2 2 2 2 2 2 2 2 2 2 2
left_child=1 2 3 15 12 6 11 17 -4 13 18 16 14 19 -5 -1 -2 20 -6 -7 24 -8 -12 -13 -3 -26 -11 -16 29 -9
right_child=5 7 8 4 10 9 21 28 -10 26 22 23 -14 -15 27 -17 -18 -19 -20 -21 -22 -23 -24 -25 25 -27 -28 -29 -30 -31
leaf_value=0.0026202293053988065 0.0048984821819313693 0.0026046539958515416 -0.013553305244955068 -0.0031820251488980421 -0.0011213951770804136 0.0045180294332518092 -0.01341331466315196 0.0031972580271623437 -0.02288171819704712 0.0041560251780877328 -0.00021068609191988329 0.00084307624584378826 -0.00078044717451992117 -0.012473585170604326 -0.0024183557056800574 0.00061940044313654275 0.0020767873007732523 -0.00026704665140357057 0.0004508291048388625 0.0026618977844001658 -0.00030565503679099495 0.014469460853647129 0.00092374936537460933 0.0016359112907328968 0.0043653392582150381 0.011937214900958067 0.0062588152786215391 -0.0016705489881929595 0.00094591491857541035 -0.0011376305937192996
leaf_weight=22565 7067 7916 3661 58737 129392 8705 708 1258 1612 28682 100882 66066 20943 198 89089 16279 10860 2345 12771 62428 1398 30 19847 69316 13074 490 5214 47806 12877 11118
leaf_count=22565 7067 7916 3661 58737 129392 8705 708 1258 1612 28682 100882 66066 20943 198 89089 16279 10860 2345 12771 62428 1398 30 19847 69316 13074 490 5214 47806 12877 11118
internal_value=-3.40397e-12 -0.000996543 -0.00125695 -0.00110284 -0.00133653 0.00220645 0.00140998 0.00170459 -0.0164051 0.00337245 -0.000541145 0.00147588 -0.00230201 0.0028464 -0.0024649 0.00178171 0.00318913 0.00327029 -0.000980157 0.00288904 0.00363287 -0.0122799 -2.41929e-05 0.00124901 0.0038892 0.00463887 0.00447948 -0.00215721 0.000140756 -0.000696996
internal_weight=833334 574060 523584 518311 479467 259274 154047 50476 5273 105227 262892 153309 216575 71331 195632 38844 17927 25223 142163 71133 22878 738 120729 135382 21480 13564 33896 136895 25253 12376
internal_count=833334 574060 523584 518311 479467 259274 154047 50476 5273 105227 262892 153309 216575 71331 195632 38844 17927 25223 142163 71133 22878 738 120729 135382 21480 13564 33896 136895 25253 12376
is_linear=0
shrinkage=0.01


Tree=15
num_leaves=31
num_cat=0
split_feature=13 5 12 28 13 13 12 38 35 13 2 12 13 28 13 38 13 33 28 13 28 34 2 5 13 0 2 28 28 13
split_gain=17958.9 3957.49 11979.6 3424.37 3611.73 2360.64 1395.7 1211.31 954.537 712.576 618.962 577.46 530.887 483.019 371.047 348.627 338.254 317.063 282.944 255.339 250.525 226.375 221.374 217.869 202.758 267.967 202.107 169.486 168.697 166.948
threshold=1.7637885685920247 1.0000000180025095e-35 1.0000000180025095e-35 1.0000000180025095e-35 1.1424696590093568 2.1840830473287376 1.0000000180025095e-35 1.0000000180025095e-35 1.0000000180025095e-35 1.4561701692373348 1.0000000180025095e-35 1.0000000180025095e-35 2.46915829192403 1.3162741674262042 1.0000000180025095e-35 1.0000000180025095e-35 0.7530656430504058 1.0000000180025095e-35 1.300055403719812 1.9333313642324415 1.4349654634956897 1.0000000180025095e-35 1.0000000180025095e-35 1.0000000180025095e-35 1.1633070353967037 0.78656609248549303 1.0000000180025095e-35 1.2396777184720602 1.3948823706269662 1.2546183788285423
decision_type=2 2 2 2 2 2 2 2 2 2 2 2 2 2 2 2 2 2 2 2 2 2 2 2 2 2 2 2 2 2
left_child=1 2 3 14 13 6 10 17 28 18 15 12 22 16 -1 -2 -5 21 -6 -12 -11 24 -7 -8 -3 -26 -14 -10 -4 -9
right_child=5 7 8 4 9 11 23 29 27 20 19 -13 26 -15 -16 -17 -18 -19 -20 -21 -22 -23 -24 -25 25 -27 -28 -29 -30 -31
leaf_value=0.0025940269556537264 0.0048916199788915909 0.0026061808084884416 -0.014088914859934529 -0.0031546895455389795 -0.0012695368024971949 0.0045174803851763829 -0.013173538846747981 -0.00069002630686982181 -0.024701876686885952 -0.00024918255944405361 0.00083464557796805207 -0.0097768471235917375 0.0062062194515403917 -0.00088044005850387635 0.00061320647861234554 0.0021189809322150525 -0.0022242238138857674 -0.00026437618988502185 2.0446687097061942e-05 0.0016809010940473108 0.0010442784445887435 -0.00030259850159451002 0.0027000476905387582 0.014324765724129976 0.0043343835669097872 0.011921437065412679 0.00413575520817325 -0.01752155410522676 -0.0065519408902233369 0.00093645578407155149
leaf_weight=22565 7489 8137 3335 58410 124609 7646 728 12376 1152 122016 66066 330 5666 19676 16279 11497 117997 2345 19690 77456 17069 1398 54288 30 12860 483 28078 460 326 12877
leaf_count=22565 7489 8137 3335 58410 124609 7646 728 12376 1152 122016 66066 330 5666 19676 16279 11497 117997 2345 19690 77456 17069 1398 54288 30 12860 483 28078 460 326 12877
internal_value=-1.34868e-11 -0.000986578 -0.00124438 -0.00109181 -0.00132316 0.00218439 0.00145267 0.00168755 -0.016241 -0.000601208 0.00151582 0.0034287 0.00347425 -0.00236655 0.00176389 0.00321264 -0.00253231 0.00323759 -0.00109351 0.00129135 -9.04445e-05 0.00359654 0.00292442 -0.0120852 0.00385031 0.00460903 0.00448341 -0.0226529 -0.0134178 0.000139349
internal_weight=833334 574060 523584 518311 479467 259274 163266 50476 5273 283384 162508 96008 95678 196083 38844 18986 176407 25223 144299 143522 139085 22878 61934 758 21480 13343 33744 1612 3661 25253
internal_count=833334 574060 523584 518311 479467 259274 163266 50476 5273 283384 162508 96008 95678 196083 38844 18986 176407 25223 144299 143522 139085 22878 61934 758 21480 13343 33744 1612 3661 25253
is_linear=0
shrinkage=0.01


Tree=16
num_leaves=31
num_cat=0
split_feature=13 5 12 28 13 13 12 38 35 2 13 13 12 38 13 13 13 33 28 28 28 34 13 0 2 31 13 28 33 28
split_gain=17603.2 3936.37 12115.8 3332.26 3790.89 2114.76 1212.82 1200.78 932.361 669.749 644.854 483.877 395.269 390.456 365.796 349.729 349.216 316.901 295.747 292.85 269.418 229.982 205.584 266.916 186.319 181.95 176.952 190.3 169.225 169.218
threshold=1.7901748776145732 1.0000000180025095e-35 1.0000000180025095e-35 1.0000000180025095e-35 1.2611562078191694 2.2890438211430628 1.0000000180025095e-35 1.0000000180025095e-35 1.0000000180025095e-35 1.0000000180025095e-35 0.91968494507747989 1.5831965959594523 1.0000000180025095e-35 1.0000000180025095e-35 2.0493044451851294 1.0000000180025095e-35 2.6727683845728754 1.0000000180025095e-35 1.3948823706269662 1.300055403719812 1.4453883934859626 1.0000000180025095e-35 1.1633070353967037 0.78656609248549303 1.0000000180025095e-35 1.0000000180025095e-35 1.3773797357772766 0.097580225501044088 1.0000000180025095e-35 1.2396777184720602
decision_type=2 2 2 2 2 2 2 2 2 2 2 2 2 2 2 2 2 2 2 2 2 2 2 2 2 2 2 2 2 2
left_child=1 2 3 15 10 6 9 17 25 13 20 19 16 -2 -11 -1 24 21 -12 -6 -5 22 -3 -24 -7 28 27 -9 -4 -10
right_child=5 7 8 4 11 12 -8 26 29 14 18 -13 -14 -15 -16 -17 -18 -19 -20 -21 -22 -23 23 -25 -26 -27 -28 -29 -30 -31
leaf_value=0.0025680867307827744 0.0050845244236256779 0.0025801189195473512 -0.0118635950248203 -0.0028300747839717882 -0.00090928034707787322 0.0049074934926132538 -0.011671507598466031 0.0019671536807705321 -0.024424103741178808 0.0011012154485773749 -0.0018198484316223804 0.00020219931537174371 -0.0088911442329300192 0.0022885017544730332 0.0020874672819021474 0.00066224878428600023 0.0053047593426765087 -0.00023291606008603319 -0.00016590251148321667 0.00031390941875133463 -0.00082691200634186059 -0.0003001723478320181 0.0043148733621135487 0.011751085330503635 0.0032171182936436048 -0.00084281106394987594 0.0011563386439932025 -0.0010264741388285301 -0.016204491020627296 -0.017346846742414629
leaf_weight=22565 8307 8137 2093 104334 128441 7539 679 2555 1164 94187 125214 90200 247 12525 62602 16795 12334 2398 11833 23092 7176 1430 13210 501 48273 113 10769 12572 1573 476
leaf_count=22565 8307 8137 2093 104334 128441 7539 679 2555 1164 94187 125214 90200 247 12525 62602 16795 12334 2398 11833 23092 7176 1430 13210 501 48273 113 10769 12572 1573 476
internal_value=2.44095e-12 -0.000942494 -0.0011968 -0.0010446 -0.00126934 0.00224127 0.00166784 0.00169602 -0.0160735 0.00171883 -0.00213649 -0.000377696 0.00373621 0.00340345 0.001495 0.00175486 0.00378197 0.00322844 -0.00167704 -0.000722879 -0.00270117 0.00358501 0.00383931 0.00458659 0.00344545 -0.0133409 0.000176624 -0.000520841 -0.0137262 -0.02237
internal_weight=833334 586641 535069 529650 490290 246693 178300 51572 5419 177621 248557 241733 68393 20832 156789 39360 68146 25676 137047 151533 111510 23278 21848 13711 55812 3779 25896 15127 3666 1640
internal_count=833334 586641 535069 529650 490290 246693 178300 51572 5419 177621 248557 241733 68393 20832 156789 39360 68146 25676 137047 151533 111510 23278 21848 13711 55812 3779 25896 15127 3666 1640
is_linear=0
shrinkage=0.01


Tree=17
num_leaves=31
num_cat=0
split_feature=13 5 12 28 13 13 12 38 35 13 13 2 28 12 13 13 38 33 28 28 2 34 5 13 13 0 5 2 14 28
split_gain=17254.3 3801.4 11506.9 3289.1 3474.37 2272.34 1308.69 1163.58 917.091 686.209 578.757 560.287 466.081 441.21 356.629 342.434 321.048 304.596 260.028 257.05 248.683 217.44 213.606 201.638 194.875 255.009 185.207 179.542 165.747 165.019
threshold=1.7637885685920247 1.0000000180025095e-35 1.0000000180025095e-35 1.0000000180025095e-35 1.1424696590093568 2.1529823870768343 1.0000000180025095e-35 1.0000000180025095e-35 1.0000000180025095e-35 1.443973465745265 2.46915829192403 1.0000000180025095e-35 1.4557038056921707 1.0000000180025095e-35 1.0000000180025095e-35 0.7530656430504058 1.0000000180025095e-35 1.0000000180025095e-35 1.300055403719812 1.4349654634956897 1.0000000180025095e-35 1.0000000180025095e-35 1.0000000180025095e-35 1.9183186933311254 1.1424696590093568 0.78656609248549303 1.0000000180025095e-35 1.0000000180025095e-35 1.0000000180025095e-35 1.3948823706269662
decision_type=2 2 2 2 2 2 2 2 2 2 2 2 2 2 2 2 2 2 2 2 2 2 2 2 2 2 2 2 2 2
left_child=1 2 3 14 12 6 11 17 29 18 13 16 15 20 -1 -5 -2 21 -6 28 -7 24 -8 -13 -3 -26 -12 -17 -11 -4
right_child=5 7 8 4 9 10 22 -9 -10 19 26 23 -14 -15 -16 27 -18 -19 -20 -21 -22 -23 -24 -25 25 -27 -28 -29 -30 -31
leaf_value=0.0025424058889585485 0.0047515532817029573 0.0025267444309548213 -0.013813943098259063 -0.003063820145128889 -0.0012632160947768894 0.0043874890327704101 -0.013024646760593299 0.00013643856923620267 -0.022202326624507489 -0.00048951810883193108 0.0040345037572747959 0.00078242784772425617 -0.00046458299964222518 -0.012144274955351997 0.0006004520088345555 -0.0011118675352545493 0.0020130935674480387 -0.00025940330935809628 1.602041142127469e-06 0.0010231192329650208 0.0025832900065477821 -0.00029657081647608527 0.014218543764203785 0.001558590393399053 0.0042357600726980879 0.01158375847696954 0.006083365012493157 -0.0022864568244059004 0.00031483961749226324 -0.0063595920476628232
leaf_weight=22565 7067 7916 3335 60555 119826 8705 708 25253 1612 91512 28682 60570 12661 198 16279 14795 10860 2345 18805 17663 62428 1398 30 74812 13074 490 5214 108072 35578 326
leaf_count=22565 7067 7916 3335 60555 119826 8705 708 25253 1612 91512 28682 60570 12661 198 16279 14795 10860 2345 18805 17663 62428 1398 30 74812 13074 490 5214 108072 35578 326
internal_value=5.35423e-12 -0.000967031 -0.00121969 -0.00107017 -0.00129691 0.00214111 0.00136737 0.00165383 -0.0159175 -0.000588813 0.00327382 0.00143132 -0.00232026 0.00276259 0.00172856 -0.00244835 0.00309262 0.00317302 -0.00109165 -0.000107245 0.00280408 0.00352485 -0.0119172 0.00121133 0.00377356 0.00450121 0.00434967 -0.00214502 -0.000264344 -0.0131502
internal_weight=833334 574060 523584 518311 479467 259274 154047 50476 5273 283384 105227 153309 196083 71331 38844 183422 17927 25223 138631 144753 71133 22878 738 135382 21480 13564 33896 122867 127090 3661
internal_count=833334 574060 523584 518311 479467 259274 154047 50476 5273 283384 105227 153309 196083 71331 38844 183422 17927 25223 138631 144753 71133 22878 738 135382 21480 13564 33896 122867 127090 3661
is_linear=0
shrinkage=0.01


Tree=18
num_leaves=31
num_cat=0
split_feature=13 5 12 28 13 13 12 38 35 2 13 13 12 38 13 13 30 33 28 28 28 34 13 0 2 31 13 13 14 33
split_gain=16911.9 3781.16 11639.4 3201.55 3645.29 2035.08 1163.59 1153.51 895.702 643.698 621.52 467.22 383.853 376.698 351.658 338.474 335.779 304.548 285.728 284.721 258.393 221.052 197.59 256.566 178.47 178.286 173.179 183.064 167.509 167.002
threshold=1.7901748776145732 1.0000000180025095e-35 1.0000000180025095e-35 1.0000000180025095e-35 1.2611562078191694 2.2890438211430628 1.0000000180025095e-35 1.0000000180025095e-35 1.0000000180025095e-35 1.0000000180025095e-35 0.91968494507747989 1.5831965959594523 1.0000000180025095e-35 1.0000000180025095e-35 2.0493044451851294 2.6727683845728754 1.0000000180025095e-35 1.0000000180025095e-35 1.2766189845821341 1.5504307262277668 1.4453883934859626 1.0000000180025095e-35 1.1633070353967037 0.78656609248549303 1.0000000180025095e-35 1.0000000180025095e-35 1.3891652284438027 0.068125719969713269 1.0000000180025095e-35 1.0000000180025095e-35
decision_type=2 2 2 2 2 2 2 2 2 2 2 2 2 2 2 2 8 2 2 2 2 2 2 2 2 2 2 2 2 2
left_child=1 2 3 16 10 6 9 17 25 13 20 19 15 29 -11 24 -1 21 28 -6 -5 22 -3 -24 -7 -4 27 -9 -12 -2
right_child=5 7 8 4 11 12 -8 26 -10 14 18 -13 -14 -15 -16 -17 -18 -19 -20 -21 -22 -23 23 -25 -26 -27 -28 -29 -30 -31
leaf_value=0.00064954125188920297 0.005605742840088964 0.002528522971191331 -0.013457407091840273 -0.0027750973081640353 -0.00082774056476990498 0.0048080314193286585 -0.011431498814536058 0.0031530535929144227 -0.021925817265107141 0.0010787069064212573 -0.0020846875718671084 0.00020002715071744181 -0.0087803517373633167 0.0022406422181819202 0.0020457113438239931 0.0052076060023549401 0.0025169817724570785 -0.00022910038690009712 -0.00043709924709591912 0.00087325070055190154 -0.00081334945956164622 -0.00029533455114880044 0.004229201695979924 0.011519814073856357 0.0031536440404210486 -0.00070443916917506562 0.0011630612585182278 -0.00082778106612542033 -0.0012956792319992938 0.0017380223599315269
leaf_weight=16795 6978 8137 3666 104334 140954 7539 679 1258 1640 94187 79091 90200 247 12525 62602 12334 22565 2398 17174 10579 7176 1430 13210 501 48273 113 10502 14136 40782 1329
leaf_count=16795 6978 8137 3666 104334 140954 7539 679 1258 1640 94187 79091 90200 247 12525 62602 12334 22565 2398 17174 10579 7176 1430 13210 501 48273 113 10502 14136 40782 1329
internal_value=-7.25309e-12 -0.000923802 -0.00117305 -0.00102386 -0.00124415 0.00219682 0.00163429 0.00166217 -0.0157543 0.00168424 -0.00209449 -0.0003698 0.00366332 0.00333577 0.00146481 0.00370842 0.00172014 0.00316412 -0.00164343 -0.000708989 -0.00264885 0.00351368 0.00376299 0.0044956 0.00337712 -0.0130761 0.00017298 -0.000502467 -0.00181626 0.00498696
internal_weight=833334 586641 535069 529650 490290 246693 178300 51572 5419 177621 248557 241733 68393 20832 156789 68146 39360 25676 137047 151533 111510 23278 21848 13711 55812 3779 25896 15394 119873 8307
internal_count=833334 586641 535069 529650 490290 246693 178300 51572 5419 177621 248557 241733 68393 20832 156789 68146 39360 25676 137047 151533 111510 23278 21848 13711 55812 3779 25896 15394 119873 8307
is_linear=0
shrinkage=0.01


Tree=19
num_leaves=31
num_cat=0
split_feature=13 5 12 28 13 13 12 38 35 13 2 12 28 13 38 13 13 13 33 28 28 13 5 2 14 0 28 33 28 38
split_gain=16577.4 3651.48 11053 3159.15 3342.34 2186.17 1372.53 1117.72 881.179 660.914 629.955 460.022 451.585 397.297 360.565 342.775 320.554 314.306 292.618 262.336 236.83 210.321 205.311 205.093 179.78 163.963 162.822 162.4 161.692 160
threshold=1.7637885685920247 1.0000000180025095e-35 1.0000000180025095e-35 1.0000000180025095e-35 1.1424696590093568 2.2392724853635406 1.0000000180025095e-35 1.0000000180025095e-35 1.0000000180025095e-35 1.4561701692373348 1.0000000180025095e-35 1.0000000180025095e-35 1.2693390978858496 2.6322844446813778 1.0000000180025095e-35 1.0000000180025095e-35 1.9733168428063819 0.67115713001328248 1.0000000180025095e-35 1.4047480322487202 1.4349654634956897 1.3416891691482804 1.0000000180025095e-35 1.0000000180025095e-35 1.0000000180025095e-35 0.60355339059327384 1.2396777184720602 1.0000000180025095e-35 1.3948823706269662 1.0000000180025095e-35
decision_type=2 2 2 2 2 2 2 2 2 2 2 2 2 2 2 2 2 2 2 2 2 2 2 2 2 2 2 2 2 2
left_child=1 2 3 15 12 6 10 18 28 19 14 13 17 23 27 -1 -12 -5 21 -6 -11 -3 -8 29 -19 -23 -10 -2 -4 -7
right_child=5 7 8 4 9 11 22 -9 26 20 16 -13 -14 -15 -16 -17 -18 24 -20 -21 -22 25 -24 -25 -26 -27 -28 -29 -30 -31
leaf_value=0.0024918119357490811 0.0054196096302418818 0.0024732110407705461 -0.013544938707123113 -0.0032041715082793461 -0.0011918163858825562 0.0062211240696489816 -0.012550140869697237 0.0001335964664277052 -0.023769334979426477 -0.00023909959563266734 0.00088077806318344462 -0.0092410257318332589 -0.00095428213162775989 0.0049538505090318385 0.0021072380883516489 0.00058795199396514616 0.0017849957100192352 -0.0024860339801264808 -0.00025451820483343566 0.00023829892591599233 0.0010185096302666415 0.0040420144645345636 0.014112509382267793 0.0029489659507385608 -0.0017151146208749574 0.0084012446457586275 -0.016731588610043022 0.0016306415378138958 -0.006166116342239905 0.003447435824652898
leaf_weight=22565 6901 11173 3335 41834 130069 3584 774 25253 1152 122016 80132 284 22873 15384 12543 16279 76765 84149 2345 14230 17069 10767 30 56569 47227 938 460 1353 326 4955
leaf_count=22565 6901 11173 3335 41834 130069 3584 774 25253 1152 122016 80132 284 22873 15384 12543 16279 76765 84149 2345 14230 17069 10767 30 56569 47227 938 460 1353 326 4955
internal_value=-3.06514e-12 -0.000947872 -0.0011955 -0.00104896 -0.00127117 0.00209869 0.00148098 0.00162079 -0.0156005 -0.000576661 0.00153996 0.0034637 -0.00227489 0.00350853 0.00317537 0.00169393 0.00132318 -0.00244928 0.00310974 -0.00105079 -8.47614e-05 0.00345458 -0.0115553 0.00316702 -0.0022089 0.00439135 -0.021761 0.00479852 -0.0128879 0.00461161
internal_weight=833334 574060 523584 518311 479467 259274 178498 50476 5273 283384 177694 80776 196083 80492 20797 38844 156897 173210 25223 144299 139085 22878 804 65108 131376 11705 1612 8254 3661 8539
internal_count=833334 574060 523584 518311 479467 259274 178498 50476 5273 283384 177694 80776 196083 80492 20797 38844 156897 173210 25223 144299 139085 22878 804 65108 131376 11705 1612 8254 3661 8539
is_linear=0
shrinkage=0.01


Tree=20
num_leaves=31
num_cat=0
split_feature=13 5 12 28 13 13 12 38 35 13 2 28 12 38 13 13 13 13 33 28 28 34 13 0 31 2 13 13 23 2
split_gain=16248.6 3632.01 11181.9 3076 3505.95 1957.06 1116.84 1108.08 860.477 665.061 618.579 430.243 368.457 361.871 338.455 325.594 323.377 322.392 292.551 289.919 253.491 216.58 190.552 246.851 174.695 171.562 169.702 201.881 169.252 168.569
threshold=1.7901748776145732 1.0000000180025095e-35 1.0000000180025095e-35 1.0000000180025095e-35 1.2857831699715325 2.2890438211430628 1.0000000180025095e-35 1.0000000180025095e-35 1.0000000180025095e-35 0.92881199292245842 1.0000000180025095e-35 1.300055403719812 1.0000000180025095e-35 1.0000000180025095e-35 2.0493044451851294 2.6727683845728754 1.5948317548965225 1.0000000180025095e-35 1.0000000180025095e-35 1.4557038056921707 1.4453883934859626 1.0000000180025095e-35 1.1424696590093568 0.78656609248549303 1.0000000180025095e-35 1.0000000180025095e-35 1.2546183788285423 0.068125719969713269 1.0000000180025095e-35 1.0000000180025095e-35
decision_type=2 2 2 2 2 2 2 2 2 2 2 2 2 2 2 2 2 2 2 2 2 2 2 2 2 2 2 2 2 2
left_child=1 2 3 17 9 6 10 18 24 20 13 16 15 -2 -12 25 -6 -1 21 29 28 22 -3 -24 -4 -7 27 -9 -5 -11
right_child=5 7 8 4 11 12 -8 26 -10 19 14 -13 -14 -15 -16 -17 -18 -19 -20 -21 -22 -23 23 -25 -26 -27 -28 -29 -30 -31
leaf_value=0.0024668938247948175 0.0048879607756158313 0.0024514596232862455 -0.013194013008468293 -0.002523235525129426 -0.00082234878872914404 0.0047136189993090419 -0.011198983046077726 0.0031201871152894017 -0.021490521264966669 -0.0006564666787086948 0.0010567120886470177 0.00063660655690010758 -0.0086001381056330459 0.0021962303954492623 0.0020053895095166179 0.0051059914065350667 3.614217524417786e-05 0.00063705832852278474 -0.00022468077710072976 3.7742550172622641e-05 -0.00079052048067350129 -0.00032664777392031412 0.0041354272972442783 0.011236941547630573 -0.00057013331786770613 0.0030915630265030431 0.00094389177166276199 -0.0011063498414924052 -0.0035614666269634817 -0.0018111424518411187
leaf_weight=22565 8307 7916 3666 88017 122844 7539 679 1258 1640 14117 94187 39017 247 12525 62602 12334 68257 16795 2398 10456 7365 1430 13424 508 113 48273 13520 11118 19111 121106
leaf_count=22565 8307 7916 3666 88017 122844 7539 679 1258 1640 14117 94187 39017 247 12525 62602 12334 68257 16795 2398 10456 7365 1430 13424 508 113 48273 13520 11118 19111 121106
internal_value=1.07626e-11 -0.000905504 -0.00114979 -0.00100356 -0.00121948 0.00215331 0.00160167 0.00162895 -0.0154416 -0.00201477 0.0016506 -0.000320336 0.00359142 0.00326959 0.0014355 0.00363561 -0.000515715 0.0016861 0.00310104 -0.00156655 -0.00258508 0.00344364 0.00369041 0.00439437 -0.0128165 0.00331067 0.000169378 -0.000676729 -0.00270845 -0.0016906
internal_weight=833334 586641 535069 529650 490290 246693 178300 51572 5419 260172 177621 230118 68393 20832 156789 68146 191101 39360 25676 145679 114493 23278 21848 13932 3779 55812 25896 12376 107128 135223
internal_count=833334 586641 535069 529650 490290 246693 178300 51572 5419 260172 177621 230118 68393 20832 156789 68146 191101 39360 25676 145679 114493 23278 21848 13932 3779 55812 25896 12376 107128 135223
is_linear=0
shrinkage=0.01


Tree=21
num_leaves=31
num_cat=0
split_feature=13 28 5 12 13 13 12 38 35 13 13 2 28 12 13 13 13 38 28 2 28 13 5 13 5 14 28 31 33 38
split_gain=15927.4 3508.18 3389.53 10264 3216.28 2106.98 1207.84 1080.61 846.189 586.648 540.464 515.56 452.048 410.121 332.251 321.011 304.975 296.418 239.428 231.28 228.795 214.859 202.67 188.7 175.694 165.308 159.173 157.988 159.927 153.382
threshold=1.7637885685920247 1.0000000180025095e-35 1.0000000180025095e-35 1.0000000180025095e-35 1.1633070353967037 2.1529823870768343 1.0000000180025095e-35 1.0000000180025095e-35 1.0000000180025095e-35 1.4561701692373348 2.46915829192403 1.0000000180025095e-35 1.2693390978858496 1.0000000180025095e-35 0.7530656430504058 0.2307147380127984 1.329327096723335 1.0000000180025095e-35 1.5643359330496931 1.0000000180025095e-35 1.5504307262277668 1.2546183788285423 1.0000000180025095e-35 1.9183186933311254 1.0000000180025095e-35 1.0000000180025095e-35 1.2396777184720602 1.0000000180025095e-35 1.0000000180025095e-35 1.0000000180025095e-35
decision_type=2 2 2 2 2 2 2 2 2 2 2 2 2 2 2 2 2 2 2 2 2 2 2 2 2 2 2 2 2 2
left_child=1 15 3 4 12 6 11 16 27 18 13 17 14 19 -3 -1 -4 -2 -6 29 -11 -9 -8 -13 -12 -16 -10 28 -5 -7
right_child=5 2 7 8 9 10 22 21 26 20 24 23 -14 -15 25 -17 -18 -19 -20 -21 -22 -23 -24 -25 -26 -27 -28 -29 -30 -31
leaf_value=0.0025441175129447264 0.0045611509918022817 -0.002993250807218348 0.0017168427333616257 -0.011143428377719757 -0.0011114278070435133 0.0057903438269551301 -0.012529105522647162 -0.001093937464509845 -0.023309545733949735 -0.00020558044088528368 0.0038805306430680043 0.0007475708266631698 -0.00090570800358113937 -0.011718276159724955 -0.0023434353341977437 0.0007870715829942543 0.0040319596374496693 0.0019298298657398189 0.0006822818958181888 0.0024808969921537934 0.0012492652693712541 0.00082337391387326956 0.014007494984815518 0.0014984184540352628 0.005876080460749218 -0.001578333938832055 -0.016349367234046043 -0.00076266187866893393 -0.015431162513633733 0.0030981891199810779
leaf_weight=25252 7067 57437 10474 2025 127488 3630 708 11030 1150 127272 28682 60570 24053 198 79793 17677 12458 10860 7903 62428 11813 12433 30 74812 5214 43708 460 109 1525 5075
leaf_count=25252 7067 57437 10474 2025 127488 3630 708 11030 1150 127272 28682 60570 24053 198 79793 17677 12458 10860 7903 62428 11813 12433 30 74812 5214 43708 460 109 1525 5075
internal_value=-4.74297e-12 -0.000929102 -0.00115135 -0.00139849 -0.00124595 0.00205713 0.00131208 0.00143083 -0.0152795 -0.000538148 0.00314785 0.00137351 -0.00219368 0.00265382 -0.00236489 0.00182061 0.00297455 0.00296712 -0.00100673 0.00269382 -8.20151e-05 -7.79577e-05 -0.0114504 0.00116249 0.00418749 -0.00207266 -0.0213209 -0.0126212 -0.0129853 0.00422082
internal_weight=833334 574060 531131 484736 479467 259274 154047 46395 5269 274476 105227 153309 204991 71331 180938 42929 22932 17927 135391 71133 139085 23463 738 135382 33896 123501 1610 3659 3550 8705
internal_count=833334 574060 531131 484736 479467 259274 154047 46395 5269 274476 105227 153309 204991 71331 180938 42929 22932 17927 135391 71133 139085 23463 738 135382 33896 123501 1610 3659 3550 8705
is_linear=0
shrinkage=0.01


Tree=22
num_leaves=31
num_cat=0
split_feature=13 5 12 28 13 13 38 12 35 13 2 28 12 13 38 13 30 13 33 28 28 34 0 14 28 13 28 23 14 2
split_gain=15613.1 3516.09 10826 2948.44 3481.91 1799.42 1073.84 1004.96 830.05 641.356 575.197 430.325 357.819 356.67 335.912 315.575 302.475 295.543 290.841 280.524 244.287 214.524 187.97 187.485 172.054 168.37 175.749 165.87 165.144 164.299
threshold=1.8036056881208131 1.0000000180025095e-35 1.0000000180025095e-35 1.0000000180025095e-35 1.2857831699715325 2.2890438211430628 1.0000000180025095e-35 1.0000000180025095e-35 1.0000000180025095e-35 0.92881199292245842 1.0000000180025095e-35 1.4773911250025182 1.0000000180025095e-35 1.5948317548965225 1.0000000180025095e-35 2.6727683845728754 1.0000000180025095e-35 2.0493044451851294 1.0000000180025095e-35 1.2766189845821341 1.4453883934859626 1.0000000180025095e-35 0.60355339059327384 1.0000000180025095e-35 1.3948823706269662 1.3891652284438027 0.097580225501044088 1.0000000180025095e-35 1.0000000180025095e-35 1.0000000180025095e-35
decision_type=2 2 2 2 2 2 2 2 2 2 2 2 2 2 2 2 8 2 2 2 2 2 2 2 2 2 2 2 2 2
left_child=1 2 3 16 9 7 18 10 24 20 14 13 15 -6 -2 29 -1 -12 21 28 27 22 -3 -24 -4 26 -8 -5 -11 -7
right_child=5 6 8 4 11 12 25 -9 -10 19 17 -13 -14 -15 -16 -17 -18 -19 -20 -21 -22 -23 23 -25 -26 -27 -28 -29 -30 -31
leaf_value=0.00065201549660943981 0.004829464388130286 0.0033718060161394255 -0.013225412599272375 -0.0024729930857228474 -0.00075747840781631589 0.0046179115039509354 0.0018876051141709772 -0.011023156162771058 -0.02103216999441207 -0.0019598991632604236 0.001068023485497293 0.00098413104080127454 -0.0084929467404359256 8.9927784250082337e-05 0.0021879253838933302 0.005012463258626405 0.002416783742237106 0.0019652742631523761 -0.0002476036603161062 -0.00038428580581879721 -0.00077355819197269418 -0.00033192232636251867 0.0030166387590424898 0.0097754853160647425 -0.0058773720604792089 0.0011359497942914738 -0.00097087160530635918 -0.0035007984384683903 -0.0011981787285279166 0.0030305626142471055
leaf_weight=17051 8001 20377 3458 88017 132339 7539 2585 628 1654 84183 88762 23600 247 79510 12086 12334 22565 62602 2423 18495 7365 1452 722 951 351 10843 12809 19111 43001 48273
leaf_count=17051 8001 20377 3458 88017 132339 7539 2585 628 1654 84183 88762 23600 247 79510 12086 12334 22565 62602 2423 18495 7365 1452 722 951 351 10843 12809 19111 43001 48273
internal_value=7.68312e-12 -0.000871748 -0.00111094 -0.000967988 -0.00117783 0.00214921 0.00160769 0.00160386 -0.0151169 -0.00197518 0.00165011 -0.000296745 0.00352134 -0.000439435 0.0032401 0.00356488 0.00165722 0.00143911 0.0030511 -0.00153502 -0.00253523 0.00339119 0.00363636 0.00685864 -0.0125483 0.000181449 -0.000490869 -0.00265635 -0.00170236 0.00324498
internal_weight=833334 592862 540700 535237 495621 240472 52162 172079 5463 260172 171451 235449 68393 211849 20087 68146 39616 151364 25925 145679 114493 23502 22050 1673 3809 26237 15394 107128 127184 55812
internal_count=833334 592862 540700 535237 495621 240472 52162 172079 5463 260172 171451 235449 68393 211849 20087 68146 39616 151364 25925 145679 114493 23502 22050 1673 3809 26237 15394 107128 127184 55812
is_linear=0
shrinkage=0.01


Tree=23
num_leaves=31
num_cat=0
split_feature=13 5 12 28 13 13 12 38 35 13 13 2 28 12 13 38 13 33 28 28 2 34 5 28 28 0 14 2 5 14
split_gain=15303.8 3372.07 10198.3 2911.16 3097.33 2026.63 1160.15 1031.89 813.633 646.092 521.184 494.942 405.248 394.966 317.185 285.021 284.515 275.101 244.25 238.017 222.824 200.197 196.969 183.962 201.257 181.61 178.371 170.539 170.269 166.335
threshold=1.7637885685920247 1.0000000180025095e-35 1.0000000180025095e-35 1.0000000180025095e-35 1.1286563969375776 2.1529823870768343 1.0000000180025095e-35 1.0000000180025095e-35 1.0000000180025095e-35 1.4380562886343047 2.46915829192403 1.0000000180025095e-35 1.3162741674262042 1.0000000180025095e-35 1.0000000180025095e-35 1.0000000180025095e-35 0.67115713001328248 1.0000000180025095e-35 1.300055403719812 1.4349654634956897 1.0000000180025095e-35 1.0000000180025095e-35 1.0000000180025095e-35 1.577844035516788 1.0000000180025095e-35 0.60355339059327384 1.0000000180025095e-35 1.0000000180025095e-35 1.0000000180025095e-35 1.0000000180025095e-35
decision_type=2 2 2 2 2 2 2 2 2 2 2 2 2 2 2 2 2 2 2 2 2 2 2 2 2 2 2 2 2 2
left_child=1 2 3 14 12 6 11 17 -4 18 13 15 16 20 -1 -2 -5 21 -6 -11 -7 25 -8 24 -13 -3 -27 -18 -12 -26
right_child=5 7 8 4 9 10 22 -9 -10 19 28 23 -14 -15 -16 -17 27 -19 -20 -21 -22 -23 -24 -25 29 26 -28 -29 -30 -31
leaf_value=0.0023926159020108287 0.0044704665848780637 0.0032980312053304535 -0.012378968552978615 -0.0030757859613191221 -0.0012151218368629741 0.0041391236507563505 -0.01228563657898152 0.00012874466824006013 -0.020905273055320341 -0.00025581242782746829 0.0038049260307463735 0.0027456630710977238 -0.00082831048356358009 -0.011503001776175303 0.00056120095881793074 0.0018902266601711155 -0.0011744215538498565 -0.00027366610540899695 1.3131659022860313e-06 0.00097351729070021956 0.0024313028570282953 -0.00034406753433434439 0.013875064209802078 0.0022154687130186987 0.00069362691358818636 0.0029467083097480962 0.009636273446463341 -0.0022707661366099734 0.0057694273592341699 0.0015653922562606968
leaf_weight=22565 7067 19852 3661 42534 122798 8705 708 25253 1612 129570 28682 6352 19024 198 16279 10860 16240 2345 19070 17929 62428 1398 30 14214 85385 697 931 112302 5214 29431
leaf_count=22565 7067 19852 3661 42534 122798 8705 708 25253 1612 129570 28682 6352 19024 198 16279 10860 16240 2345 19070 17929 62428 1398 30 14214 85385 697 931 112302 5214 29431
internal_value=7.65761e-12 -0.000910734 -0.0011487 -0.00100793 -0.00122125 0.00201646 0.00128575 0.00155769 -0.0149855 -0.000569799 0.00308618 0.00134596 -0.00221287 0.00260104 0.00162509 0.00290738 -0.00236684 0.00298834 -0.00105161 -0.000106383 0.0026403 0.0033227 -0.0112222 0.0011392 0.00101295 0.00356135 0.00677225 -0.00213225 0.00410711 0.000917088
internal_weight=833334 574060 523584 518311 479467 259274 154047 50476 5273 289367 105227 153309 190100 71331 38844 17927 171076 25223 141868 147499 71133 22878 738 135382 121168 21480 1628 128542 33896 114816
internal_count=833334 574060 523584 518311 479467 259274 154047 50476 5273 289367 105227 153309 190100 71331 38844 17927 171076 25223 141868 147499 71133 22878 738 135382 121168 21480 1628 128542 33896 114816
is_linear=0
shrinkage=0.01


Tree=24
num_leaves=31
num_cat=0
split_feature=13 5 12 28 13 13 38 12 35 13 2 28 12 38 13 13 13 13 33 28 28 13 23 0 31 28 13 28 14 28
split_gain=15004.8 3377.63 10400.2 2832.55 3347.44 1730.76 1031.61 963.897 797.512 619.217 552.697 416.119 347.502 324.138 320.03 305.871 290.606 285.256 279.577 275.943 232.979 208.165 172.658 170.255 170.211 165.268 164.712 176.518 160.154 158.945
threshold=1.8036056881208131 1.0000000180025095e-35 1.0000000180025095e-35 1.0000000180025095e-35 1.2857831699715325 2.2890438211430628 1.0000000180025095e-35 1.0000000180025095e-35 1.0000000180025095e-35 0.98001640514797528 1.0000000180025095e-35 1.300055403719812 1.0000000180025095e-35 1.0000000180025095e-35 1.6009015763257179 2.6727683845728754 1.0000000180025095e-35 2.0493044451851294 1.0000000180025095e-35 1.3162741674262042 1.4557038056921707 1.4561701692373348 1.0000000180025095e-35 0.60355339059327384 1.0000000180025095e-35 1.3948823706269662 1.3773797357772766 0.097580225501044088 1.0000000180025095e-35 1.2396777184720602
decision_type=2 2 2 2 2 2 2 2 2 2 2 2 2 2 2 2 2 2 2 2 2 2 2 2 2 2 2 2 2 2
left_child=1 2 3 16 9 7 18 10 24 19 13 14 15 -2 28 -7 -1 -12 21 22 -11 -3 -5 -23 25 -4 27 -8 -6 -10
right_child=5 6 8 4 11 12 26 -9 29 20 17 -13 -14 -15 -16 -17 -18 -19 -20 -21 -22 23 -24 -25 -26 -27 -28 -29 -30 -31
leaf_value=0.0023686897518164357 0.0047372208661633332 0.0024699367188982736 -0.01333924520040171 -0.0023915663219713245 -0.0010186902793442357 0.0031805853434482769 0.0018948012726812456 -0.010794267719418736 -0.022611711594388462 -0.001560502151003601 0.0010459741756160032 0.0006372895115039441 -0.0083871898769970372 0.0021423896764113208 5.8939397986240344e-05 0.0049206833578071922 0.00063889375362388137 0.001927471299729995 -0.00024391817386812533 -0.0010296974295187196 8.2222362363298493e-05 0.0039820733364071591 -0.0033910597617342565 0.0085943409704642044 -0.00026413835094947567 -0.005983503445459064 0.0011021499014239242 -0.0009883924998079492 -0.00023788709955231888 -0.015802253614179793
leaf_weight=22565 8001 12892 3359 98134 87571 55812 2555 628 1169 118816 88762 40093 247 12086 70258 12334 17051 62602 2423 12934 9310 9738 20978 872 114 336 11110 12572 37527 485
leaf_count=22565 8001 12892 3359 98134 87571 55812 2555 628 1169 118816 88762 40093 247 12086 70258 12334 17051 62602 2423 12934 9310 9738 20978 872 114 336 11110 12572 37527 485
internal_value=4.52529e-12 -0.000854597 -0.00108903 -0.000948919 -0.00115459 0.00210693 0.00157554 0.00157209 -0.0148168 -0.0019364 0.00161738 -0.000290692 0.00345262 0.00317596 -0.000481142 0.00349553 0.00162417 0.00141055 0.00299028 -0.00241696 -0.00144114 0.00332372 -0.0025676 0.00436114 -0.0122991 -0.0126704 0.000177613 -0.000501412 -0.000784464 -0.020615
internal_weight=833334 592862 540700 535237 495621 240472 52162 172079 5463 260172 171451 235449 68393 20087 195356 68146 39616 151364 25925 132046 128126 23502 119112 10610 3809 3695 26237 15127 125098 1654
internal_count=833334 592862 540700 535237 495621 240472 52162 172079 5463 260172 171451 235449 68393 20087 195356 68146 39616 151364 25925 132046 128126 23502 119112 10610 3809 3695 26237 15127 125098 1654
is_linear=0
shrinkage=0.01


Tree=25
num_leaves=31
num_cat=0
split_feature=13 5 12 28 13 13 38 12 35 13 2 28 12 13 38 13 13 13 33 28 28 34 13 0 31 2 33 13 13 21
split_gain=14706.2 3310.41 10193.2 2776.18 3280.83 1696.32 1011.08 944.716 781.641 607.77 541.699 408.242 340.587 337.724 317.688 299.784 284.823 279.579 274.014 266.81 231.509 206.069 183.334 238.979 166.824 163.45 163.134 161.566 190.526 159.566
threshold=1.8036056881208131 1.0000000180025095e-35 1.0000000180025095e-35 1.0000000180025095e-35 1.2857831699715325 2.2890438211430628 1.0000000180025095e-35 1.0000000180025095e-35 1.0000000180025095e-35 0.92881199292245842 1.0000000180025095e-35 1.4773911250025182 1.0000000180025095e-35 1.5948317548965225 1.0000000180025095e-35 2.6727683845728754 1.0000000180025095e-35 2.0493044451851294 1.0000000180025095e-35 1.4557038056921707 1.4453883934859626 1.0000000180025095e-35 1.1424696590093568 0.78656609248549303 1.0000000180025095e-35 1.0000000180025095e-35 1.0000000180025095e-35 1.2546183788285423 0.068125719969713269 12.500000000000002
decision_type=2 2 2 2 2 2 2 2 2 2 2 2 2 2 2 2 2 2 2 2 2 2 2 2 2 2 2 2 2 2
left_child=1 2 3 16 9 7 18 10 24 20 14 13 15 -6 -2 -7 -1 -12 21 25 29 22 -3 -24 26 -11 -4 28 -8 -5
right_child=5 6 8 4 11 12 27 -9 -10 19 17 -13 -14 -15 -16 -17 -18 -19 -20 -21 -22 -23 23 -25 -26 -27 -28 -29 -30 -31
leaf_value=0.0023450027646691675 0.0046898486922974632 0.0023123541223510763 -0.010723542719891855 -0.0032460426839678834 -0.00073624688854390021 0.0031487794678239779 0.0030339544187738547 -0.010686324814061177 -0.02040883451614342 -0.00058925122128558214 0.0010355144416168967 0.00095979320222527268 -0.0083033178179611564 8.8345961922609297e-05 0.0021209657389639246 0.0048714763960769408 0.00063250476214893011 0.001908196600069336 -0.0002414790163702758 5.0466048050760115e-05 -0.00074724246643114291 -0.00035852633719456786 0.0039600574576741749 0.010893217390610714 -0.00026149692144571693 -0.001726260240036617 -0.014969326362276634 0.00091733558959100799 -0.0010719977319857306 -0.002356454292478897
leaf_weight=22565 8001 7916 2111 26936 132339 55812 1258 628 1654 14117 88762 23600 247 79510 12086 12334 17051 62602 2423 10456 7365 1452 13618 516 114 121106 1584 13861 11118 80192
leaf_count=22565 8001 7916 2111 26936 132339 55812 1258 628 1654 14117 88762 23600 247 79510 12086 12334 17051 62602 2423 10456 7365 1452 13618 516 114 121106 1584 13861 11118 80192
internal_value=6.6077e-12 -0.000846051 -0.00107814 -0.00093943 -0.00114305 0.00208586 0.00155978 0.00155636 -0.0146686 -0.00191704 0.00160121 -0.000287785 0.00341809 -0.000426765 0.0031442 0.00346058 0.00160793 0.00139644 0.00296038 -0.00148856 -0.00246223 0.00329048 0.00353077 0.00421317 -0.0121761 -0.00160756 -0.0125437 0.000175837 -0.000654634 -0.00258013
internal_weight=833334 592862 540700 535237 495621 240472 52162 172079 5463 260172 171451 235449 68393 211849 20087 68146 39616 151364 25925 145679 114493 23502 22050 14134 3809 135223 3695 26237 12376 107128
internal_count=833334 592862 540700 535237 495621 240472 52162 172079 5463 260172 171451 235449 68393 211849 20087 68146 39616 151364 25925 145679 114493 23502 22050 14134 3809 135223 3695 26237 12376 107128
is_linear=0
shrinkage=0.01


Tree=26
num_leaves=31
num_cat=0
split_feature=13 28 5 12 13 13 12 38 35 13 13 2 28 12 13 13 38 13 28 28 2 13 5 28 28 14 5 14 14 28
split_gain=14415.5 3182.24 3055.04 9280.84 2924.83 1913.18 1092.16 977.429 765.972 611.209 494.814 465.086 385.2 373.741 291.512 289.197 268.466 268.176 230.86 225.344 214.954 200.372 189.77 179.59 196.916 167.31 166.178 163.669 163.156 152.938
threshold=1.7637885685920247 1.0000000180025095e-35 1.0000000180025095e-35 1.0000000180025095e-35 1.1286563969375776 2.1529823870768343 1.0000000180025095e-35 1.0000000180025095e-35 1.0000000180025095e-35 1.4380562886343047 2.46915829192403 1.0000000180025095e-35 1.2693390978858496 1.0000000180025095e-35 0.2307147380127984 1.329327096723335 1.0000000180025095e-35 0.67115713001328248 1.2766189845821341 1.4349654634956897 1.0000000180025095e-35 1.2353261014177181 1.0000000180025095e-35 1.577844035516788 1.0000000180025095e-35 1.0000000180025095e-35 1.0000000180025095e-35 1.0000000180025095e-35 1.0000000180025095e-35 1.2396777184720602
decision_type=2 2 2 2 2 2 2 2 2 2 2 2 2 2 2 2 2 2 2 2 2 2 2 2 2 2 2 2 2 2
left_child=1 14 3 4 12 6 11 15 -5 18 13 16 17 20 -1 -4 -2 -3 -6 27 -7 -9 -8 24 -13 -19 -12 -11 -26 -10
right_child=5 2 7 8 9 10 22 21 29 19 26 23 -14 -15 -16 -17 -18 25 -20 -21 -22 -23 -24 -25 28 -27 -28 -29 -30 -31
leaf_value=0.0024244191646071358 0.0043361231595569257 -0.0030059273014716088 0.0015993183824912585 -0.012000525018516403 -0.0011862977485437483 0.0040340083899600785 -0.011932612758599772 -0.001091123737668038 -0.022226870357342388 -0.00046855334127449361 0.0036926454685163763 0.0026942723524839484 -0.00090804643762971873 -0.011196148299113518 0.00075004827894262574 0.0038537505227809622 0.0018319393184452436 -0.0023552876756757091 -3.7875918796987026e-05 0.00094938056385972084 0.0023566188371721471 0.00076475177685992712 0.013745587185025214 0.0021684921137276538 0.00066421017538283395 -0.0015967052542125177 0.0056334033661417674 0.00032278858581202347 0.0015276039058103796 -0.01540438871817542
leaf_weight=25252 7067 41834 10474 3659 121415 8705 708 10668 1150 93257 28682 6352 22112 198 17677 12458 10860 80707 20453 17929 62428 12795 30 14214 85385 45447 5214 36313 29431 460
leaf_count=25252 7067 41834 10474 3659 121415 8705 708 10668 1150 93257 28682 6352 22112 198 17677 12458 10860 80707 20453 17929 62428 12795 30 14214 85385 45447 5214 36313 29431 460
internal_value=6.55002e-13 -0.000883906 -0.00109558 -0.00133021 -0.00118516 0.00195706 0.0012471 0.00135588 -0.0145297 -0.000552109 0.00299641 0.00130552 -0.00214878 0.0025237 0.00173496 0.00282406 0.00281911 -0.00231209 -0.00102073 -0.000101377 0.00256189 -7.90653e-05 -0.0108888 0.00110509 0.000980346 -0.00208201 0.00399118 -0.000246774 0.000885526 -0.0202776
internal_weight=833334 574060 531131 484736 479467 259274 154047 46395 5269 289367 105227 153309 190100 71331 42929 22932 17927 167988 141868 147499 71133 23463 738 135382 121168 126154 33896 129570 114816 1610
internal_count=833334 574060 531131 484736 479467 259274 154047 46395 5269 289367 105227 153309 190100 71331 42929 22932 17927 167988 141868 147499 71133 23463 738 135382 121168 126154 33896 129570 114816 1610
is_linear=0
shrinkage=0.01


Tree=27
num_leaves=31
num_cat=0
split_feature=13 5 12 28 13 13 38 12 35 13 2 13 12 38 13 30 13 33 28 28 28 34 13 0 2 2 28 13 28 14
split_gain=14133.2 3183.15 9792.53 2664.14 3154.56 1631.55 971.948 906.081 751.03 530.033 520.492 426.311 330.774 306.561 291.387 273.988 269.864 268.186 263.709 242.653 202.947 201.683 176.389 234.192 172.354 170.526 164.943 156.719 161.374 154.457
threshold=1.8036056881208131 1.0000000180025095e-35 1.0000000180025095e-35 1.0000000180025095e-35 1.2611562078191694 2.2890438211430628 1.0000000180025095e-35 1.0000000180025095e-35 1.0000000180025095e-35 0.89220291535796681 1.0000000180025095e-35 1.5831965959594523 1.0000000180025095e-35 1.0000000180025095e-35 2.7231030031894234 1.0000000180025095e-35 2.0493044451851294 1.0000000180025095e-35 1.4557038056921707 1.5504307262277668 1.606333092449477 1.0000000180025095e-35 1.1424696590093568 0.78656609248549303 1.0000000180025095e-35 1.0000000180025095e-35 1.3948823706269662 1.4619814362511783 0.061565245139631762 1.0000000180025095e-35
decision_type=2 2 2 2 2 2 2 2 2 2 2 2 2 2 2 8 2 2 2 2 2 2 2 2 2 2 2 2 2 2
left_child=1 2 3 15 9 7 17 10 26 20 13 19 14 -2 24 -1 -12 21 25 29 -5 22 -3 -24 -7 -11 -4 28 -8 -6
right_child=5 6 8 4 11 12 27 -9 -10 18 16 -13 -14 -15 -16 -17 -18 -19 -20 -21 -22 -23 23 -25 -26 -27 -28 -29 -30 -31
leaf_value=0.00061769877370350368 0.0046002780621437148 0.0022721292226254184 -0.012597372355116114 -0.0025551302305230014 -0.00097385474956759378 0.004492322001960568 0.0019894090665202278 -0.010464205898110574 -0.020004343633588398 -0.00062149382435184382 0.0010141310431893251 0.00020287615634320116 -0.0081999465096214037 0.0020767815062447625 0.0050434578083345099 0.0022973086158577321 0.001871516227516643 -0.00026467520332935771 1.4530315955288713e-05 0.00081057251066774796 -0.00024270199394381027 -0.00038043968843274684 0.0038860293463668792 0.010749387614746657 0.0029186712948891446 -0.001768427098916792 -0.0054027874139867243 0.0012255365832746826 -0.000791642873610499 -0.00024796009857192604
leaf_weight=17051 8001 7916 3458 98746 99377 8064 2434 628 1654 14518 88762 95531 247 12086 9248 22565 62602 2423 10295 10579 3947 1452 13618 516 50834 121051 351 9189 14614 41577
leaf_count=17051 8001 7916 3458 98746 99377 8064 2434 628 1654 14518 88762 95531 247 12086 9248 22565 62602 2423 10295 10579 3947 1452 13618 516 50834 121051 351 9189 14614 41577
internal_value=6.72861e-12 -0.000829405 -0.00105699 -0.000921033 -0.0011205 0.00204482 0.00152973 0.00152553 -0.0143777 -0.0019159 0.00156945 -0.00032029 0.00335137 0.00308193 0.00339324 0.00157439 0.00136873 0.00290295 -0.00152843 -0.00065011 -0.00246625 0.00322953 0.00346725 0.00413659 0.00313413 -0.0016456 -0.0119344 0.000172833 -0.000394583 -0.000759739
internal_weight=833334 592862 540700 535237 495621 240472 52162 172079 5463 248557 171451 247064 68393 20087 68146 39616 151364 25925 145864 151533 102693 23502 22050 14134 58898 135569 3809 26237 17048 140954
internal_count=833334 592862 540700 535237 495621 240472 52162 172079 5463 248557 171451 247064 68393 20087 68146 39616 151364 25925 145864 151533 102693 23502 22050 14134 58898 135569 3809 26237 17048 140954
is_linear=0
shrinkage=0.01


Tree=28
num_leaves=31
num_cat=0
split_feature=13 5 12 28 13 13 38 12 35 13 2 28 38 12 13 13 13 28 13 33 28 34 32 0 14 31 14 33 2 33
split_gain=13852 3119.8 9597.66 2611.12 3092.92 1599.54 952.606 916.381 736.085 577.203 521.816 391.768 305.27 298.313 295.992 282.493 272.654 269.976 268.536 262.849 202.538 197.67 174.49 173.861 179.432 163.427 161.284 159.606 157.205 156.088
threshold=1.8036056881208131 1.0000000180025095e-35 1.0000000180025095e-35 1.0000000180025095e-35 1.2857831699715325 2.3029350305092087 1.0000000180025095e-35 1.0000000180025095e-35 1.0000000180025095e-35 1.0041184254615352 1.0000000180025095e-35 1.300055403719812 1.0000000180025095e-35 1.0000000180025095e-35 1.6009015763257179 2.0493044451851294 2.7231030031894234 1.1967971091642235 1.0000000180025095e-35 1.0000000180025095e-35 1.2766189845821341 1.0000000180025095e-35 1.0000000180025095e-35 0.60355339059327384 1.0000000180025095e-35 1.0000000180025095e-35 1.0000000180025095e-35 1.0000000180025095e-35 1.0000000180025095e-35 1.0000000180025095e-35
decision_type=2 2 2 2 2 2 2 2 2 2 2 2 2 2 2 2 2 2 2 2 2 2 2 2 2 2 2 2 2 2
left_child=1 2 3 18 9 7 19 10 25 17 12 14 29 16 -6 -12 28 22 -1 21 -11 23 26 -3 -25 27 -5 -4 -7 -2
right_child=5 6 8 4 11 13 -8 -9 -10 20 15 -13 -14 -15 -16 -17 -18 -19 -20 -21 -22 -23 -24 24 -26 -27 -28 -29 -30 -31
leaf_value=0.0022743354849020267 0.0051738921884228574 0.0031781415781027963 -0.010378553393668975 -0.0025901816103140146 -0.00075538727030285361 0.0044685920095569424 0.00017110426864650128 -0.010454692559722379 -0.019804300061880893 -0.0015070540070730631 0.0010039897469427263 0.00062153503479160492 0.0020776987422614669 -0.0077897678215103419 5.5723901660372303e-05 0.001870088735522591 0.0049930232376037709 -0.0012169712912089875 0.0006115217340856335 -0.00026202847829071848 -0.00027605216822793152 -0.0003766352893649065 -0.0031441378125196501 0.0027729777936063259 0.0093850667966989022 -2.2399174478395202e-05 -0.0017289335481678798 -0.014578175970871764 0.0029265964020196893 0.0013920098811949287
leaf_weight=22565 6854 20377 2111 56256 125098 7667 26237 636 1654 103892 88762 40093 12332 239 70258 65412 9248 19975 17051 2423 15339 1452 29267 722 951 114 35443 1584 48024 1298
leaf_count=22565 6854 20377 2111 56256 125098 7667 26237 636 1654 103892 88762 40093 12332 239 70258 65412 9248 19975 17051 2423 15339 1452 29267 722 951 114 35443 1584 48024 1298
internal_value=4.34538e-12 -0.000821111 -0.00104642 -0.000911823 -0.00110929 0.00202437 0.00151443 0.00152706 -0.0142339 -0.00186079 0.00157069 -0.000278885 0.00307024 0.00336189 -0.000463679 0.00137145 0.00340293 -0.00229401 0.00155865 0.00287393 -0.00134869 0.00319723 -0.00247186 0.00343258 0.00653155 -0.011815 -0.0022573 -0.0121789 0.00313888 0.00457172
internal_weight=833334 592862 540700 535237 495621 240472 52162 175294 5463 260172 174658 235449 20484 65178 195356 154174 64939 140941 39616 25925 119231 23502 120966 22050 1673 3809 91699 3695 55691 8152
internal_count=833334 592862 540700 535237 495621 240472 52162 175294 5463 260172 174658 235449 20484 65178 195356 154174 64939 140941 39616 25925 119231 23502 120966 22050 1673 3809 91699 3695 55691 8152
is_linear=0
shrinkage=0.01


Tree=29
num_leaves=31
num_cat=0
split_feature=13 28 5 12 13 13 12 38 35 13 13 2 28 12 13 13 13 38 28 28 2 13 5 2 28 28 14 5 14 28
split_gain=13579.4 3001.12 2870.05 8736.81 2761.24 1806.18 1027.85 920.601 721.641 578.46 470.09 437.361 367.746 353.659 279.392 275.408 273.304 253.008 218.105 215.945 203.542 193.934 182.92 181.716 175.579 192.698 160.027 158.701 156.05 149.894
threshold=1.7637885685920247 1.0000000180025095e-35 1.0000000180025095e-35 1.0000000180025095e-35 1.1286563969375776 2.1529823870768343 1.0000000180025095e-35 1.0000000180025095e-35 1.0000000180025095e-35 1.4380562886343047 2.46915829192403 1.0000000180025095e-35 1.4557038056921707 1.0000000180025095e-35 1.4380562886343047 0.2307147380127984 0.67115713001328248 1.0000000180025095e-35 1.2766189845821341 1.5504307262277668 1.0000000180025095e-35 1.2353261014177181 1.0000000180025095e-35 1.0000000180025095e-35 1.577844035516788 1.0000000180025095e-35 1.0000000180025095e-35 1.0000000180025095e-35 1.0000000180025095e-35 1.2396777184720602
decision_type=2 2 2 2 2 2 2 2 2 2 2 2 2 2 2 2 2 2 2 2 2 2 2 2 2 2 2 2 2 2
left_child=1 15 3 4 12 6 11 14 -5 18 13 17 16 20 -4 -1 -3 -2 -6 28 -7 -9 -8 -18 25 -13 -27 -12 -11 -10
right_child=5 2 7 8 9 10 22 21 29 19 27 24 -14 -15 -16 -17 23 -19 -20 -21 -22 -23 -24 -25 -26 26 -28 -29 -30 -31
leaf_value=0.0023555016231599462 0.0042067830749720212 -0.0028847446682490345 0.0017072084963357416 -0.011642752683400266 -0.0011518634411856838 0.0039182356129193888 -0.011588364068502928 -0.0010756468398788561 -0.021606515204647316 -0.00042289230974080008 0.0035871824564036149 0.0026440755235609048 -0.00040958585072303077 -0.010897571346722543 0.0039200323540076925 0.0007280386643503373 -0.0010086023714471072 0.0017757626618815207 -3.5616097743719035e-05 0.0011668623410346411 0.0022859769967638029 0.00075017085328050852 0.013622144027302663 -0.0021170743700507648 0.0021234061356146371 0.00063562091735732339 0.0014906976348631285 0.0054837718677319385 0.00033636511531803234 -0.014852258137204564
leaf_weight=25252 7067 44074 12255 3659 121415 8705 708 10668 1150 97656 28682 6352 12237 198 10677 17677 16932 10860 20453 12392 62428 12795 30 116857 14214 85385 29431 5214 37451 460
leaf_count=25252 7067 44074 12255 3659 121415 8705 708 10668 1150 97656 28682 6352 12237 198 10677 17677 16932 10860 20453 12392 62428 12795 30 116857 14214 85385 29431 5214 37451 460
internal_value=-3.69432e-12 -0.00085789 -0.00106345 -0.00129087 -0.00115013 0.00189946 0.00120964 0.00131263 -0.0140976 -0.00053504 0.00290932 0.00126631 -0.00208641 0.00244858 0.00273749 0.00168536 -0.00220178 0.00273409 -0.000990935 -9.65498e-05 0.00248573 -7.99797e-05 -0.0105635 -0.00197679 0.00107195 0.000948603 0.000854804 0.00387892 -0.00021243 -0.0196767
internal_weight=833334 574060 531131 484736 479467 259274 154047 46395 5269 289367 105227 153309 190100 71331 22932 42929 177863 17927 141868 147499 71133 23463 738 133789 135382 121168 114816 33896 135107 1610
internal_count=833334 574060 531131 484736 479467 259274 154047 46395 5269 289367 105227 153309 190100 71331 22932 42929 177863 17927 141868 147499 71133 23463 738 133789 135382 121168 114816 33896 135107 1610
is_linear=0
shrinkage=0.01


Tree=30
num_leaves=31
num_cat=0
split_feature=13 5 12 28 13 13 12 38 35 13 2 28 13 38 13 13 33 28 13 12 28 34 0 14 23 28 33 13 28 14
split_gain=13312.2 2999.95 9220.36 2505.66 2973.38 1539.75 936.247 915.736 707.255 556.603 512.241 378.228 312.735 309.004 285.364 258.319 257.144 249.429 239.692 235.272 209.456 193.391 170.363 175.681 163.975 161.315 155.058 151.363 156.464 151.311
threshold=1.8036056881208131 1.0000000180025095e-35 1.0000000180025095e-35 1.0000000180025095e-35 1.2857831699715325 2.3319982523838072 1.0000000180025095e-35 1.0000000180025095e-35 1.0000000180025095e-35 0.98001640514797528 1.0000000180025095e-35 1.300055403719812 2.0493044451851294 1.0000000180025095e-35 1.6009015763257179 1.0000000180025095e-35 1.0000000180025095e-35 1.3162741674262042 2.7231030031894234 1.0000000180025095e-35 1.4557038056921707 1.0000000180025095e-35 0.60355339059327384 1.0000000180025095e-35 1.0000000180025095e-35 1.3948823706269662 1.0000000180025095e-35 1.4619814362511783 0.061565245139631762 1.0000000180025095e-35
decision_type=2 2 2 2 2 2 2 2 2 2 2 2 2 2 2 2 2 2 2 2 2 2 2 2 2 2 2 2 2 2
left_child=1 2 3 15 9 6 10 16 25 17 13 14 -12 26 29 -1 21 24 19 -7 -11 22 -3 -24 -5 -4 -2 28 -9 -6
right_child=5 7 8 4 11 18 -8 27 -10 20 12 -13 -14 -15 -16 -17 -18 -19 -20 -21 -22 -23 23 -25 -26 -27 -28 -29 -30 -31
leaf_value=0.002228037150138112 0.0050963103624134141 0.003118910265118372 -0.01223620644369135 -0.0022515279914133803 -0.00096887193208544263 0.0031542850487480869 -0.010377133660787992 0.0019580162694358121 -0.019411790422527088 -0.0014678652365045454 0.00098325276523252838 0.00061151561592638463 0.0018733335232926068 0.0020494196633722597 5.5211470970485658e-05 0.00059716171747986331 -0.00028352151352461905 -0.00096092401041189817 0.0048645081844997072 -0.0089915930934948846 8.9724110266219126e-05 -0.0003969831446450048 0.0027193415978048873 0.0092619539404786896 -0.0032255647953883123 -0.0051211660664709033 0.0013739992133101353 0.0012027708083218044 -0.00078039686294669472 -0.00020993115715393007
leaf_weight=22565 7143 20377 3458 98134 87571 49267 658 2434 1654 118816 88762 40093 71090 12760 70258 17051 2423 12934 9305 160 9310 1452 722 951 20978 351 1327 9189 14614 37527
leaf_count=22565 7143 20377 3458 98134 87571 49267 658 2434 1654 118816 88762 40093 71090 12760 70258 17051 2423 12934 9305 160 9310 1452 722 951 20978 351 1327 9189 14614 37527
internal_value=-9.92323e-13 -0.000804955 -0.0010259 -0.000893969 -0.00108741 0.00198454 0.00152965 0.00148529 -0.0139516 -0.00182424 0.00157292 -0.000273208 0.00137909 0.00303235 -0.000454781 0.0015261 0.00281821 -0.00227986 0.00339215 0.00311497 -0.00135469 0.00313799 0.00337077 0.00643842 -0.00242308 -0.0115806 0.00451313 0.000168211 -0.000389424 -0.000741204
internal_weight=833334 592862 540700 535237 495621 240472 181740 52162 5463 260172 181082 235449 159852 21230 195356 39616 25925 132046 58732 49427 128126 23502 22050 1673 119112 3809 8470 26237 17048 125098
internal_count=833334 592862 540700 535237 495621 240472 181740 52162 5463 260172 181082 235449 159852 21230 195356 39616 25925 132046 58732 49427 128126 23502 22050 1673 119112 3809 8470 26237 17048 125098
is_linear=0
shrinkage=0.01


Tree=31
num_leaves=31
num_cat=0
split_feature=13 28 5 12 13 13 12 38 35 13 2 12 13 28 13 38 13 13 13 28 28 13 5 2 14 14 28 2 31 33
split_gain=13047.8 2884.19 2755.08 8392 2655.74 1738.51 1049.13 884.083 693.459 557.403 469.185 401.117 373.593 354.779 273.398 265.691 264.893 250.484 226.645 211.31 208.939 187.705 177.294 170.314 162.218 151.629 146.911 145.617 145.436 149.536
threshold=1.7637885685920247 1.0000000180025095e-35 1.0000000180025095e-35 1.0000000180025095e-35 1.1286563969375776 2.205578473534255 1.0000000180025095e-35 1.0000000180025095e-35 1.0000000180025095e-35 1.4380562886343047 1.0000000180025095e-35 1.0000000180025095e-35 2.5413657419861835 1.2693390978858496 1.329327096723335 1.0000000180025095e-35 0.2307147380127984 0.67115713001328248 1.948834438036416 1.577844035516788 1.5504307262277668 1.2353261014177181 1.0000000180025095e-35 1.0000000180025095e-35 1.0000000180025095e-35 1.0000000180025095e-35 1.2396777184720602 1.0000000180025095e-35 1.0000000180025095e-35 1.0000000180025095e-35
decision_type=2 2 2 2 2 2 2 2 2 2 2 2 2 2 2 2 2 2 2 2 2 2 2 2 2 2 2 2 2 2
left_child=1 16 3 4 13 6 10 14 28 19 15 12 23 17 -4 -2 -1 -3 -12 27 25 -9 -8 -7 -19 -11 -10 -6 29 -5
right_child=5 2 7 8 9 11 22 21 26 20 18 -13 -14 -15 -16 -17 -18 24 -20 -21 -22 -23 -24 -25 -26 -27 -28 -29 -30 -31
leaf_value=0.0023095048474901405 0.0042024687235634071 -0.0028728446789888953 0.0014910479224808201 -0.0099785752856391078 -3.8000259911957647e-05 0.0039728640256876373 -0.01130224375615534 -0.0010587010713733447 -0.021196332190639301 -0.00041511532828606774 0.00072224607205385166 -0.0083139083346726889 0.0040816768611294778 -0.00085482245422366225 0.0036830357215438432 0.0018290852561169562 0.00071340955789654258 -0.002249011413068621 0.0015028997622212623 0.00063475259679927464 0.001149078545471286 0.00073755477990002799 0.013492481435338656 0.0024358003064117455 -0.0015020602478574084 0.00033331048052409037 -0.014509617466378308 -0.0011701287521731973 -3.2586059234011064e-05 -0.01412467404546552
leaf_weight=25252 7807 41834 10474 2025 12532 8256 745 10668 1150 97656 71683 313 24398 22112 12458 11916 17677 80707 77289 7742 12392 12795 30 56837 45447 37451 460 121594 109 1525
leaf_count=25252 7807 41834 10474 2025 12532 8256 745 10668 1150 97656 71683 313 24398 22112 12458 11916 17677 80707 77289 7742 12392 12795 30 56837 45447 37451 460 121594 109 1525
internal_value=4.47981e-12 -0.000840931 -0.00104245 -0.00126526 -0.00112733 0.00186191 0.00126582 0.00128555 -0.0138168 -0.000524106 0.00131915 0.00298679 0.00302632 -0.00204555 0.00268186 0.00276855 0.00165228 -0.00220229 0.00112726 -0.000971626 -9.36705e-05 -7.91548e-05 -0.0103424 0.00263075 -0.00197992 -0.000207655 -0.0192858 -0.00106435 -0.0114103 -0.0117596
internal_weight=833334 574060 531131 484736 479467 259274 169470 46395 5269 289367 168695 89804 89491 190100 22932 19723 42929 167988 148972 141868 147499 23463 775 65093 126154 135107 1610 134126 3659 3550
internal_count=833334 574060 531131 484736 479467 259274 169470 46395 5269 289367 168695 89804 89491 190100 22932 19723 42929 167988 148972 141868 147499 23463 775 65093 126154 135107 1610 134126 3659 3550
is_linear=0
shrinkage=0.01


Tree=32
num_leaves=31
num_cat=0
split_feature=13 5 12 28 13 13 12 38 35 2 13 13 13 38 33 28 13 13 28 12 34 28 0 14 14 28 28 33 31 28
split_gain=12790.9 2884.46 8858.06 2404.94 2860.17 1482.96 913.941 880.31 679.552 497.322 450.495 426.844 319.433 305.179 251.673 249.051 248.237 218.635 212.119 211.391 189.274 177.803 166.974 172.037 166.76 157.818 157.325 152.812 148.508 146.576
threshold=1.8036056881208131 1.0000000180025095e-35 1.0000000180025095e-35 1.0000000180025095e-35 1.2419908610871515 2.3468411831044684 1.0000000180025095e-35 1.0000000180025095e-35 1.0000000180025095e-35 1.0000000180025095e-35 0.86310088111515426 1.5488922200584838 2.0493044451851294 1.0000000180025095e-35 1.0000000180025095e-35 1.2766189845821341 1.0000000180025095e-35 2.7231030031894234 1.5504307262277668 1.0000000180025095e-35 1.0000000180025095e-35 1.606333092449477 0.60355339059327384 1.0000000180025095e-35 1.0000000180025095e-35 1.3948823706269662 1.5643359330496931 1.0000000180025095e-35 1.0000000180025095e-35 1.2396777184720602
decision_type=2 2 2 2 2 2 2 2 2 2 2 2 2 2 2 2 2 2 2 2 2 2 2 2 2 2 2 2 2 2
left_child=1 2 3 16 10 6 9 14 25 13 21 18 -11 27 20 24 -1 19 -6 -7 22 -5 -3 -24 -12 28 -13 -2 -4 -10
right_child=5 7 8 4 11 17 -8 -9 29 12 15 26 -14 -15 -16 -17 -18 -19 -20 -21 -22 -23 23 -25 -26 -27 -28 -29 -30 -31
leaf_value=0.0021826617157181412 0.0050109369446481224 0.0030608852977033227 -0.01235503309102981 -0.0024785282143261014 -0.00079239536021503975 0.0031345027098159555 -0.010161175248938096 0.00016534326108218778 -0.020944547631974602 0.00096325604896332765 -0.0019192944143906383 1.9632100289168606e-05 0.0018535272442561509 0.002012393183995292 -0.00030498281444939489 -0.00040042522349514978 0.00058392715820548336 0.0047758056982628071 0.00072964094431018835 -0.0087560619775361066 -0.00041720849368609002 -0.00022067054939590124 0.0026669017491332343 0.0091413121716071369 -0.0011591332513358626 -0.0049617589402949159 0.0013616939349956386 0.0013481277719916156 7.1940031655208029e-05 -0.014405401204779898
leaf_weight=22565 7288 20377 3359 90219 134766 46157 668 26237 1169 88762 83926 101758 73822 12970 2423 17962 17051 9305 9824 150 1452 3628 722 951 43983 351 9555 1350 99 485
leaf_count=22565 7288 20377 3359 90219 134766 46157 668 26237 1169 88762 83926 101758 73822 12970 2423 17962 17051 9305 9824 150 1452 3628 722 951 43983 351 9555 1350 99 485
internal_value=-7.24841e-13 -0.000789035 -0.00100568 -0.000876373 -0.00106589 0.0019453 0.00151458 0.00145669 -0.0136749 0.00155692 -0.00185078 -0.000330638 0.00136749 0.00298225 0.00276358 -0.00150306 0.00149456 0.00337705 -0.000688982 0.00309599 0.00307994 -0.00239124 0.00331023 0.00634722 -0.0016579 -0.0113508 0.000134833 0.00443849 -0.0119993 -0.0190271
internal_weight=833334 592862 540700 535237 495621 240472 184860 52162 5463 184192 239718 255903 162584 21608 25925 145871 39616 55612 144590 46307 23502 93847 22050 1673 127909 3809 111313 8638 3458 1654
internal_count=833334 592862 540700 535237 495621 240472 184860 52162 5463 184192 239718 255903 162584 21608 25925 145871 39616 55612 144590 46307 23502 93847 22050 1673 127909 3809 111313 8638 3458 1654
is_linear=0
shrinkage=0.01


Tree=33
num_leaves=31
num_cat=0
split_feature=13 28 5 12 13 13 12 38 35 13 13 2 28 12 13 13 13 38 28 2 28 13 2 5 28 30 14 5 14 28
split_gain=12537.7 2773.44 2642.89 8060.63 2555.26 1674.66 947.922 850.054 666.285 536.254 436.977 402.83 344.147 328.173 267.181 257.016 254.829 233.83 216.149 191.794 190.319 183.97 178.135 172.909 171.131 188.482 157.009 154.137 149.952 141.67
threshold=1.7637885685920247 1.0000000180025095e-35 1.0000000180025095e-35 1.0000000180025095e-35 1.1286563969375776 2.1529823870768343 1.0000000180025095e-35 1.0000000180025095e-35 1.0000000180025095e-35 1.4561701692373348 2.46915829192403 1.0000000180025095e-35 1.4557038056921707 1.0000000180025095e-35 1.329327096723335 0.67115713001328248 0.2307147380127984 1.0000000180025095e-35 1.2619364906458534 1.0000000180025095e-35 1.2846768221677702 1.2353261014177181 1.0000000180025095e-35 1.0000000180025095e-35 1.577844035516788 1.0000000180025095e-35 1.0000000180025095e-35 1.0000000180025095e-35 1.0000000180025095e-35 1.3948823706269662
decision_type=2 2 2 2 2 2 2 2 2 2 2 2 2 2 2 2 2 2 2 2 2 2 2 2 2 8 2 2 2 2
left_child=1 16 3 4 12 6 11 14 29 18 13 17 15 19 -4 -3 -1 -2 28 -7 -11 -9 -17 -8 25 -13 -27 -12 -6 -5
right_child=5 2 7 8 9 10 23 21 -10 20 27 24 -14 -15 -16 22 -18 -19 -20 -21 -22 -23 -24 -25 -26 26 -28 -29 -30 -31
leaf_value=0.0022651649145465878 0.004039770593803664 -0.0027795787583400761 0.0014501457365047859 -0.011797917922171367 -0.0013227371034562913 0.0037796754789792097 -0.011141628958422975 -0.0010497674387743754 -0.018902221552523284 -0.00024411672768768464 0.0034448697903782109 0.0025838619420629283 -0.00038354112288025338 -0.010502940838911918 0.0036170681528325966 -0.00094049274173206685 0.00069968373644771096 0.0017026998142446615 -3.084367043069798e-05 0.0021952223016166008 0.00070159771991148664 0.00072852580202036 -0.002037990517698012 0.013369319985310237 0.0020668664386666604 0.00059716820322430514 0.0014441426795619534 0.0053139932366365666 -0.00058704681693011105 -0.0048908483378869126
leaf_weight=25252 7067 44074 10474 3333 86774 8705 708 10668 1610 112861 28682 6352 12237 198 12458 16932 17677 10860 22808 62428 26224 12795 116857 30 14214 85385 29431 5214 40700 326
leaf_count=25252 7067 44074 10474 3333 86774 8705 708 10668 1610 112861 28682 6352 12237 198 12458 16932 17677 10860 22808 62428 26224 12795 116857 30 14214 85385 29431 5214 40700 326
internal_value=-2.19293e-12 -0.00082433 -0.00102194 -0.00124017 -0.00110499 0.00182515 0.00116092 0.00125817 -0.0135414 -0.000513286 0.00279756 0.00121534 -0.00200567 0.00235334 0.00262734 -0.00211728 0.00162054 0.002624 -0.000927426 0.00238912 -6.58055e-05 -8.00167e-05 -0.00189909 -0.0101452 0.00102881 0.000907042 0.000814275 0.00373238 -0.00108785 -0.0111825
internal_weight=833334 574060 531131 484736 479467 259274 154047 46395 5269 289367 105227 153309 190100 71331 22932 177863 42929 17927 150282 71133 139085 23463 133789 738 135382 121168 114816 33896 127474 3659
internal_count=833334 574060 531131 484736 479467 259274 154047 46395 5269 289367 105227 153309 190100 71331 22932 177863 42929 17927 150282 71133 139085 23463 133789 738 135382 121168 114816 33896 127474 3659
is_linear=0
shrinkage=0.01


Tree=34
num_leaves=31
num_cat=0
split_feature=13 5 12 28 13 13 12 38 35 13 2 28 13 38 13 33 28 30 5 12 28 34 23 13 0 31 38 33 14 13
split_gain=12294 2783.86 8520.25 2301.93 2795.97 1396.41 865.719 851.642 657.914 546.775 467.624 351.996 291.939 287.896 285.907 248.949 245.761 237.528 212.556 197.632 191.302 186.033 175.619 165.796 222.805 159.694 159.444 154.421 151.914 145.382
threshold=1.810335851455404 1.0000000180025095e-35 1.0000000180025095e-35 1.0000000180025095e-35 1.2978728901952092 2.3468411831044684 1.0000000180025095e-35 1.0000000180025095e-35 1.0000000180025095e-35 1.0041184254615352 1.0000000180025095e-35 1.5504307262277668 2.0581540604985054 1.0000000180025095e-35 1.6009015763257179 1.0000000180025095e-35 1.606333092449477 1.0000000180025095e-35 1.0000000180025095e-35 1.0000000180025095e-35 1.577844035516788 1.0000000180025095e-35 1.0000000180025095e-35 1.1424696590093568 0.78656609248549303 1.0000000180025095e-35 1.0000000180025095e-35 1.0000000180025095e-35 1.0000000180025095e-35 1.4619814362511783
decision_type=2 2 2 2 2 2 2 2 2 2 2 2 2 2 2 2 2 8 2 2 2 2 2 2 2 2 2 2 2 2
left_child=1 2 3 17 9 6 10 15 25 16 13 14 -12 -2 -6 21 22 -1 19 -7 -11 23 28 -3 -25 27 -20 -4 -5 -9
right_child=5 7 8 4 11 18 -8 29 -10 20 12 -13 -14 -15 -16 -17 -18 -19 26 -21 -22 -23 -24 24 -26 -27 -28 -29 -30 -31
leaf_value=0.0005775849272462414 0.0043632266040824399 0.0020992476112339062 -0.0096956089433603305 -0.002365443277785258 -0.00063833981846591291 0.0031048105603258126 -0.010028549103566427 -0.00038141014020863983 -0.01863924780632201 -0.0013440508707183647 0.00097411811380303844 0.0010821479752412368 0.0018340444025035472 0.0019855372832479805 0.00011432337429793405 -0.0003244968373896682 -8.8571781327035219e-05 0.00213818349670301 0.0064598046076569642 -0.0066875004093950065 0.0004805628889443666 -0.00042854303990397957 -0.0030240417553117917 0.0036605221944432148 0.010317022983955801 0.00045422375025548812 0.0035719286397457601 -0.013821200250417774 -0.0016015189609779473 0.0011693993284348386
leaf_weight=17177 8487 7916 2120 69994 132169 47652 649 17048 1660 118884 88766 18633 71103 12732 81645 2439 5481 22565 3424 207 6038 1458 24021 13702 522 116 4329 1586 41445 9366
leaf_count=17177 8487 7916 2120 69994 132169 47652 649 17048 1660 118884 88766 18633 71103 12732 81645 2439 5481 22565 3424 207 6038 1458 24021 13702 522 116 4329 1586 41445 9366
internal_value=-3.98393e-12 -0.000766503 -0.000978812 -0.000852435 -0.00103715 0.00192469 0.00150039 0.0014336 -0.0133826 -0.00173756 0.00154171 -0.000236059 0.00135658 0.00293655 -0.000350935 0.00271703 -0.00216451 0.00146367 0.00331129 0.00306246 -0.00125586 0.00303139 -0.0022485 0.00325924 0.00390481 -0.0110995 0.00484732 -0.0114612 -0.00208133 0.000168483
internal_weight=833334 595985 543534 538052 498310 237349 181737 52451 5482 265863 181088 232447 159869 21219 213814 26037 140941 39742 55612 47859 124922 23598 135460 22140 14224 3822 7753 3706 111439 26414
internal_count=833334 595985 543534 538052 498310 237349 181737 52451 5482 265863 181088 232447 159869 21219 213814 26037 140941 39742 55612 47859 124922 23598 135460 22140 14224 3822 7753 3706 111439 26414
is_linear=0
shrinkage=0.01


Tree=35
num_leaves=31
num_cat=0
split_feature=13 5 12 28 13 13 12 38 35 13 2 28 13 38 13 33 28 13 13 12 28 34 32 13 0 31 14 33 33 28
split_gain=12049.4 2728.46 8350.7 2256.12 2740.33 1368.62 848.492 834.694 644.822 535.895 458.318 346.892 286.13 282.167 245.112 243.995 243.601 232.801 212.059 202.018 188.912 182.331 165.495 162.496 218.371 156.517 152.837 151.348 144.931 143.628
threshold=1.810335851455404 1.0000000180025095e-35 1.0000000180025095e-35 1.0000000180025095e-35 1.2978728901952092 2.3468411831044684 1.0000000180025095e-35 1.0000000180025095e-35 1.0000000180025095e-35 1.0041184254615352 1.0000000180025095e-35 1.2619364906458534 2.0581540604985054 1.0000000180025095e-35 1.6009015763257179 1.0000000180025095e-35 1.1967971091642235 1.0000000180025095e-35 2.7231030031894234 1.0000000180025095e-35 1.2766189845821341 1.0000000180025095e-35 1.0000000180025095e-35 1.1424696590093568 0.78656609248549303 1.0000000180025095e-35 1.0000000180025095e-35 1.0000000180025095e-35 1.0000000180025095e-35 1.2396777184720602
decision_type=2 2 2 2 2 2 2 2 2 2 2 2 2 2 2 2 2 2 2 2 2 2 2 2 2 2 2 2 2 2
left_child=1 2 3 17 9 6 10 15 25 16 13 14 -12 28 -6 21 22 -1 19 -7 -11 23 26 -3 -25 27 -5 -4 -2 -10
right_child=5 7 8 4 11 18 -8 -9 29 20 12 -13 -14 -15 -16 -17 -18 -19 -20 -21 -22 -23 -24 24 -26 -27 -28 -29 -30 -31
leaf_value=0.0021168015983023011 0.0048794064589542862 0.0020782552046037768 -0.0095986530936926062 -0.0024268899934538381 -0.00070068135043698562 0.0030390201552365861 -0.0099282635204588719 0.00016679833700328803 -0.020356430367574604 -0.0013928941354262453 0.00096437692683163669 0.00056247311902906261 0.001815703967484871 0.001965681926795331 4.4887595037509018e-05 -0.00032125180019343532 -0.0011197835501543939 0.0005718091632546374 0.0046557317515102644 -0.0085849330181876817 -0.00023239851981331723 -0.00042425761449767593 -0.0029665197980019327 0.0036239170332032504 0.010213853155045995 0.00044968159580282093 -0.0015884984080639182 -0.013682988517270876 0.0012691291736103691 -0.013907584377849589
leaf_weight=22565 7171 7916 2120 56256 117606 46157 649 26414 1170 108819 88766 44296 71103 12732 70545 2439 19975 17177 9305 150 16103 1458 29267 13702 522 116 35443 1586 1316 490
leaf_count=22565 7171 7916 2120 56256 117606 46157 649 26414 1170 108819 88766 44296 71103 12732 70545 2439 19975 17177 9305 150 16103 1458 29267 13702 522 116 35443 1586 1316 490
internal_value=-5.62903e-13 -0.000758838 -0.000969024 -0.00084391 -0.00102678 0.00190545 0.00148539 0.00141926 -0.0132488 -0.00172018 0.00152629 -0.000233698 0.00134301 0.00290718 -0.000421139 0.00268986 -0.00214286 0.00144904 0.00327818 0.00300137 -0.0012433 0.00300108 -0.0023118 0.00322665 0.00386576 -0.0109885 -0.00210284 -0.0113466 0.00431959 -0.0184529
internal_weight=833334 595985 543534 538052 498310 237349 181737 52451 5482 265863 181088 232447 159869 21219 188151 26037 140941 39742 55612 46307 124922 23598 120966 22140 14224 3822 91699 3706 8487 1660
internal_count=833334 595985 543534 538052 498310 237349 181737 52451 5482 265863 181088 232447 159869 21219 188151 26037 140941 39742 55612 46307 124922 23598 120966 22140 14224 3822 91699 3706 8487 1660
is_linear=0
shrinkage=0.01


Tree=36
num_leaves=31
num_cat=0
split_feature=13 28 5 12 13 13 12 38 35 13 12 13 2 28 13 13 38 13 5 28 2 28 28 28 13 14 40 2 38 2
split_gain=11811.5 2625.68 2447.06 7288.05 2286.02 1701.22 1218.59 792.914 614.116 452.201 415.177 416.968 410.197 328.479 251.018 250.36 234.405 232.487 228.692 194.267 190.287 186.475 174.937 195.356 171.305 160.297 157.502 151.062 145.05 142.596
threshold=1.7440562103390491 1.0000000180025095e-35 1.0000000180025095e-35 1.0000000180025095e-35 1.1286563969375776 2.1529823870768343 1.0000000180025095e-35 1.0000000180025095e-35 1.0000000180025095e-35 1.4380562886343047 1.0000000180025095e-35 2.4919236388399364 1.0000000180025095e-35 1.2465287927511752 1.4561701692373348 0.2307147380127984 1.0000000180025095e-35 0.67115713001328248 1.0000000180025095e-35 1.577844035516788 1.0000000180025095e-35 1.2540478467803495 1.577844035516788 1.0000000180025095e-35 1.1958902166992444 1.0000000180025095e-35 1.0000000180025095e-35 1.0000000180025095e-35 1.0000000180025095e-35 1.0000000180025095e-35
decision_type=2 2 2 2 2 2 2 2 2 2 2 2 2 2 2 2 2 2 2 2 2 2 2 2 2 2 2 2 2 2
left_child=1 15 3 4 13 6 12 14 -5 19 11 20 16 17 -4 -1 -2 -3 -8 29 28 -11 23 -14 -9 -25 -19 -13 -7 -6
right_child=5 2 7 8 9 10 18 24 -10 21 -12 27 22 -15 -16 -17 -18 26 -20 -21 -22 -23 -24 25 -26 -27 -28 -29 -30 -31
leaf_value=0.0022024439246872887 0.0039044464332077394 -0.0027524620379838836 0.0015845433394005269 -0.010822692840512073 1.9374040774907295e-06 0.0051926667697882204 -0.011197534547748009 -0.0011018818775615925 -0.018345555475083309 -0.00030620529641830243 -0.0081566707146487061 0.0052804867864493597 0.0025118267609521546 -0.0008443686103299364 0.003705737878743719 0.00063960139363613872 0.0016373247401041114 -0.0017360606673706941 0.012665490145307212 0.00061543047764106107 0.0021583472348613479 0.00060681978793762452 0.0019963799070401192 0.00054706232765089802 0.0006419941578453413 0.0013763753783417379 -0.0027152505419084155 0.003415570212352787 0.0026357220066567997 -0.0011183861002148489
leaf_weight=25252 7521 41489 12546 3484 12532 3800 917 9914 1576 111273 350 5240 6717 23649 10046 17254 11586 105506 42 7742 65120 27998 14889 90713 13045 31366 19456 25386 5331 121594
leaf_count=25252 7521 41489 12546 3484 12532 3800 917 9914 1576 111273 350 5240 6717 23649 10046 17254 11586 105506 42 7742 65120 27998 14889 90713 13045 31366 19456 25386 5331 121594
internal_value=-8.27317e-12 -0.00082191 -0.00101658 -0.00122835 -0.00110017 0.00172449 0.00108697 0.00119774 -0.0131658 -0.000527436 0.00271658 0.00275286 0.00115318 -0.00194718 0.00252778 0.00156806 0.00252972 -0.00210386 -0.0101524 -0.000924804 0.00234791 -0.000122658 0.00097013 0.000851494 -0.000111035 0.000760139 -0.00188852 0.00373465 0.00369983 -0.00101371
internal_weight=833334 564356 521850 476299 471239 268978 163751 45551 5060 281139 105227 104877 162792 190100 22592 42506 19107 166451 959 141868 74251 139271 143685 128796 22959 122079 124962 30626 9131 134126
internal_count=833334 564356 521850 476299 471239 268978 163751 45551 5060 281139 105227 104877 162792 190100 22592 42506 19107 166451 959 141868 74251 139271 143685 128796 22959 122079 124962 30626 9131 134126
is_linear=0
shrinkage=0.01


Tree=37
num_leaves=31
num_cat=0
split_feature=13 5 12 28 13 13 38 12 35 13 2 28 13 38 13 33 28 30 13 12 28 34 2 0 14 28 14 28 13 28
split_gain=11584 2631.1 8060.08 2158.86 2680.7 1287.41 803.246 771.321 616.398 518.157 432.223 341.844 270.52 266.73 262.185 240.249 232.712 222.446 205.852 194.183 190.642 179.427 175.003 164.398 170.693 154.225 147.647 145.039 143.775 152.509
threshold=1.817345987806525 1.0000000180025095e-35 1.0000000180025095e-35 1.0000000180025095e-35 1.2978728901952092 2.3468411831044684 1.0000000180025095e-35 1.0000000180025095e-35 1.0000000180025095e-35 0.91968494507747989 1.0000000180025095e-35 1.4773911250025182 1.6009015763257179 1.0000000180025095e-35 2.0581540604985054 1.0000000180025095e-35 1.577844035516788 1.0000000180025095e-35 2.7231030031894234 1.0000000180025095e-35 1.606333092449477 1.0000000180025095e-35 1.0000000180025095e-35 0.60355339059327384 1.0000000180025095e-35 1.3948823706269662 1.0000000180025095e-35 1.2396777184720602 1.5772245847367123 0.061565245139631762
decision_type=2 2 2 2 2 2 2 2 2 2 2 2 2 2 2 2 2 8 2 2 2 2 2 2 2 2 2 2 2 2
left_child=1 2 3 17 9 7 15 10 25 20 13 12 -6 -2 -12 21 22 -1 19 -7 -5 23 -11 -3 -25 -4 -24 -10 29 -8
right_child=5 6 8 4 11 18 28 -9 27 16 14 -13 -14 -15 -16 -17 -18 -19 -20 -21 -22 -23 26 24 -26 -27 -28 -29 -30 -31
leaf_value=0.00056632126578515826 0.0042452699697869472 0.0029270369048205315 -0.011421868250054432 -0.00228880822012965 -0.00063362531486351392 0.0029788097309789187 0.0019664275513413773 -0.0096802599241348243 -0.01996981248717259 -0.00039062237843639103 0.00095966061325937491 0.00091038960384639384 0.00010111956273383955 0.0019383299923095157 0.0017804950939142453 -0.0003387693889400966 0.00042940753779865476 0.0020736091159196707 0.0045718655056921883 -0.0084175171221295992 -0.00014570254760808173 -0.0004407932874482619 -0.001746278248709317 0.0025341389173648182 0.0089557819045678506 -0.0045977577829830188 -0.0010288035184147352 -0.013509523280658702 0.0014388983972604844 -0.00059981716886780753
leaf_weight=17296 8365 20529 3481 107192 129496 46157 2676 618 1172 15440 85954 23989 81741 12503 71103 2451 7317 22565 9305 150 4318 1464 89355 730 956 366 42241 494 6706 17204
leaf_count=17296 8365 20529 3481 107192 129496 46157 2676 618 1172 15440 85954 23989 81741 12503 71103 2451 7317 22565 9305 150 4318 1464 89355 730 956 366 42241 494 6706 17204
internal_value=9.72408e-12 -0.000737043 -0.00094286 -0.000820256 -0.000998433 0.00188602 0.00139649 0.00147219 -0.0129731 -0.00168642 0.00151093 -0.000220839 -0.000349306 0.00286307 0.00133127 0.00264161 -0.00131119 0.00141959 0.00321462 0.00294189 -0.00220582 0.0029501 -0.0013978 0.00317357 0.00617536 -0.0107726 -0.00151598 -0.0180542 0.000172728 -0.000254381
internal_weight=833334 599179 546463 540950 501089 234155 52716 178543 5513 265863 177925 235226 211237 20868 157057 26130 154353 39861 55612 46307 111510 23679 147036 22215 1686 3847 131596 1666 26586 19880
internal_count=833334 599179 546463 540950 501089 234155 52716 178543 5513 265863 177925 235226 211237 20868 157057 26130 154353 39861 55612 46307 111510 23679 147036 22215 1686 3847 131596 1666 26586 19880
is_linear=0
shrinkage=0.01


Tree=38
num_leaves=31
num_cat=0
split_feature=13 5 12 28 13 13 38 12 35 13 2 28 13 38 13 33 28 13 5 28 12 34 23 0 14 38 28 28 35 14
split_gain=11353.5 2578.74 7899.68 2115.9 2627.35 1261.8 787.262 755.971 604.132 508.146 423.622 335.654 274.358 261.422 257.127 235.468 228.868 218.02 203.271 184.512 182.934 175.856 167.716 161.126 167.296 154.851 151.156 142.307 141.99 141.382
threshold=1.817345987806525 1.0000000180025095e-35 1.0000000180025095e-35 1.0000000180025095e-35 1.2978728901952092 2.3468411831044684 1.0000000180025095e-35 1.0000000180025095e-35 1.0000000180025095e-35 0.99602568284109638 1.0000000180025095e-35 1.5504307262277668 1.5948317548965225 1.0000000180025095e-35 2.0493044451851294 1.0000000180025095e-35 1.606333092449477 1.0000000180025095e-35 1.0000000180025095e-35 1.2766189845821341 1.0000000180025095e-35 1.0000000180025095e-35 1.0000000180025095e-35 0.60355339059327384 1.0000000180025095e-35 1.0000000180025095e-35 1.3948823706269662 1.1192315625430653 1.0000000180025095e-35 1.0000000180025095e-35
decision_type=2 2 2 2 2 2 2 2 2 2 2 2 2 2 2 2 2 2 2 2 2 2 2 2 2 2 2 2 2 2
left_child=1 2 3 17 9 7 15 10 26 16 13 12 -6 -2 -12 21 22 -1 20 -11 -7 23 29 -3 -25 -20 -4 -10 -9 -5
right_child=5 6 8 4 11 18 -8 28 27 19 14 -13 -14 -15 -16 -17 -18 -19 25 -21 -22 -23 -24 24 -26 -27 -28 -29 -30 -31
leaf_value=0.0020528731211493815 0.0042028172665027706 0.0028977665679322602 -0.011307649647422254 -0.0022849928462926748 -0.00062163068087713665 0.0029798868611144252 0.00017100115428519673 -0.0058929802462477808 -0.020232045555153146 -0.0013613818508796879 0.00093690429152634019 0.0010570109504735037 0.00010525848587402409 0.0019189466484988954 0.0017475972919956744 -0.00033538169973781825 -6.7446625810138958e-05 0.00056065793690303258 0.0062736741225632624 -0.0002264552350787944 -0.00644126181639191 -0.00043638537441756603 -0.0029379089022955867 0.002508797508575124 0.0088662239912094629 0.003427696415524116 -0.0045517802075610136 -0.014251761720225194 -0.015809131494601784 -0.0015403656668279237
leaf_weight=22565 8365 20529 3481 68363 129643 47652 26586 388 1009 111476 83235 18964 86619 12503 73822 2451 5374 17296 3424 16437 207 1464 23546 730 956 4329 366 657 230 40667
leaf_count=22565 8365 20529 3481 68363 129643 47652 26586 388 1009 111476 83235 18964 86619 12503 73822 2451 5374 17296 3424 16437 207 1464 23546 730 956 4329 366 657 230 40667
internal_value=2.02673e-13 -0.000729673 -0.000933432 -0.000812054 -0.000988448 0.00186716 0.00138252 0.00145747 -0.0128434 -0.00166956 0.00149582 -0.00021863 -0.000330491 0.00283444 0.00131796 0.00261519 -0.00209054 0.00140539 0.00318247 -0.00121554 0.00293914 0.0029206 -0.00217254 0.00314183 0.0061136 0.00468458 -0.0106649 -0.0178737 -0.00958346 -0.00200726
internal_weight=833334 599179 546463 540950 501089 234155 52716 178543 5513 265863 177925 235226 216262 20868 157057 26130 137950 39861 55612 127913 47859 23679 132576 22215 1686 7753 3847 1666 618 109030
internal_count=833334 599179 546463 540950 501089 234155 52716 178543 5513 265863 177925 235226 216262 20868 157057 26130 137950 39861 55612 127913 47859 23679 132576 22215 1686 7753 3847 1666 618 109030
is_linear=0
shrinkage=0.01


Tree=39
num_leaves=31
num_cat=0
split_feature=13 28 5 12 13 13 12 38 35 13 13 2 28 12 13 13 38 5 13 28 2 28 30 28 13 14 40 14 38 31
split_gain=11131.4 2475.28 2298.28 6859.94 2158.53 1605.96 1146.89 746.667 578.522 426.936 394.517 386.453 315.786 315.626 246.236 236.711 221.322 219.777 218.515 192.442 185.585 170.203 190.979 169.364 166.663 157.243 153.463 153.255 146.273 137.266
threshold=1.7440562103390491 1.0000000180025095e-35 1.0000000180025095e-35 1.0000000180025095e-35 1.1286563969375776 2.1529823870768343 1.0000000180025095e-35 1.0000000180025095e-35 1.0000000180025095e-35 1.4135446682119426 2.5151529171189702 1.0000000180025095e-35 1.1967971091642235 1.0000000180025095e-35 1.1633070353967037 0.2307147380127984 1.0000000180025095e-35 1.0000000180025095e-35 0.67115713001328248 1.2540478467803495 1.0000000180025095e-35 1.577844035516788 1.0000000180025095e-35 1.2766189845821341 1.1357474824356391 1.0000000180025095e-35 1.0000000180025095e-35 1.0000000180025095e-35 1.0000000180025095e-35 1.0000000180025095e-35
decision_type=2 2 2 2 2 2 2 2 2 2 2 2 2 2 2 2 2 2 2 2 2 2 8 2 2 2 2 2 2 2
left_child=1 15 3 4 12 6 11 14 29 23 13 16 18 20 -4 -1 -2 -8 -3 27 28 22 -13 -6 -9 -24 -20 -11 -7 -5
right_child=5 2 7 8 9 10 17 24 -10 19 -12 21 -14 -15 -16 -17 -18 -19 26 -21 -22 -23 25 -25 -26 -27 -28 -29 -30 -31
leaf_value=0.0021394619485145608 0.0037908467835171752 -0.0026934134877232489 0.0010532718891362583 -0.010852808947270563 -0.0010773444605111932 0.0050766342237963634 -0.010873561300126067 -0.0011945188498367365 -0.017801090055860364 -0.00055409665053832732 0.0036620367755922506 0.0024658612301062068 -0.00090055343281692185 -0.0097161880519334651 0.0032302105529901284 0.00061981925204692876 0.0015879006942995295 0.012519741197161021 -0.0016953579208369778 0.00056731788981724941 0.0021216075121380023 0.0019535260789214381 0.0005228727646664381 -4.5264291727837402e-05 0.00055896173083032211 0.0013442485244545999 -0.0026778763448079145 0.00023184800489892054 0.0025681006124363089 0.00065158631563378127
leaf_weight=25252 7521 40659 8100 3377 111766 3973 917 8772 1576 85920 27714 6717 27537 219 14492 17254 11586 42 103109 30033 67719 14889 90713 18537 14187 31366 18795 34883 5602 107
leaf_count=25252 7521 40659 8100 3377 111766 3973 917 8772 1576 85920 27714 6717 27537 219 14492 17254 11586 42 103109 30033 67719 14889 90713 18537 14187 31366 18795 34883 5602 107
internal_value=-3.55798e-12 -0.000797898 -0.000986909 -0.00119214 -0.00106778 0.00167411 0.0010547 0.00115904 -0.0127737 -0.000511248 0.00263802 0.00111893 -0.00189083 0.00227189 0.0024497 0.00152261 0.00245504 -0.00984904 -0.00205858 -0.00014905 0.00230586 0.000941255 0.000824236 -0.00093052 -0.000110995 0.00073391 -0.00184684 -0.000327148 0.00360898 -0.0104995
internal_weight=833334 564356 521850 476299 471239 268978 163751 45551 5060 281139 105227 162792 190100 77513 22592 42506 19107 959 162563 150836 77294 143685 128796 130303 22959 122079 121904 120803 9575 3484
internal_count=833334 564356 521850 476299 471239 268978 163751 45551 5060 281139 105227 162792 190100 77513 22592 42506 19107 959 162563 150836 77294 143685 128796 130303 22959 122079 121904 120803 9575 3484
is_linear=0
shrinkage=0.01


Tree=40
num_leaves=31
num_cat=0
split_feature=13 5 12 28 13 13 38 12 35 13 2 28 13 38 13 28 33 30 13 12 2 34 28 0 14 28 14 33 14 35
split_gain=10914.3 2479.96 7589.28 2030.29 2524.45 1214.98 756.854 739.354 580.741 470.351 412.639 334.918 262.903 259.792 245.024 230.997 230.557 209.759 190.011 201.427 179.229 172.197 165.936 157.873 163.89 148.123 147.348 143.603 141.771 140.455
threshold=1.817345987806525 1.0000000180025095e-35 1.0000000180025095e-35 1.0000000180025095e-35 1.2857831699715325 2.3616555654603211 1.0000000180025095e-35 1.0000000180025095e-35 1.0000000180025095e-35 0.89220291535796681 1.0000000180025095e-35 1.2619364906458534 2.0948841859669698 1.0000000180025095e-35 1.6009015763257179 1.577844035516788 1.0000000180025095e-35 1.0000000180025095e-35 2.7904593368717907 1.0000000180025095e-35 1.0000000180025095e-35 1.0000000180025095e-35 1.606333092449477 0.60355339059327384 1.0000000180025095e-35 1.3948823706269662 1.0000000180025095e-35 1.0000000180025095e-35 1.0000000180025095e-35 1.0000000180025095e-35
decision_type=2 2 2 2 2 2 2 2 2 2 2 2 2 2 2 2 2 8 2 2 2 2 2 2 2 2 2 2 2 2
left_child=1 2 3 17 9 7 16 10 25 22 13 14 -12 27 28 20 21 -1 19 -7 -11 23 -5 -3 -25 -4 -22 -2 -6 -9
right_child=5 6 8 4 11 18 -8 29 -10 15 12 -13 -14 -15 -16 -17 -18 -19 -20 -21 26 -23 -24 24 -26 -27 -28 -29 -30 -31
leaf_value=0.00054727599556104968 0.0046977708463032354 0.0028440912978907719 -0.011089232064492886 -0.0022589677343154654 -0.00090867962889023689 0.002987511669713241 0.00016803260482002445 -0.0057848207947507335 -0.017520807023467061 -0.00039294564781083022 0.00098079478296803557 0.00053827152589239582 0.001811848478470708 0.0018853487557839977 4.8127939735988328e-05 0.0004104673572339459 -0.00035508572516484304 0.0020109497116695277 0.0048089010749367686 -0.0082872173074140867 -0.0017418802119293223 -0.00045511473570931243 -0.00016800027406509312 0.0024593739470527569 0.0087517517530710642 -0.0044014778600425502 -0.0010323514927953201 0.0011004615496614594 -0.00016769588738607623 -0.015605787165962901
leaf_weight=17296 7197 20529 3481 98746 85508 46196 26586 394 1666 15979 97128 45785 62600 12708 72633 7446 2451 22565 6230 159 90881 1464 3947 730 956 366 43173 1312 36991 231
leaf_count=17296 7197 20529 3481 98746 85508 46196 26586 394 1666 15979 97128 45785 62600 12708 72633 7446 2451 22565 6230 159 90881 1464 3947 730 956 366 43173 1312 36991 231
internal_value=-9.87787e-13 -0.000715422 -0.00091524 -0.000796271 -0.00096906 0.00183069 0.00135593 0.00144304 -0.0125888 -0.00165207 0.00148054 -0.000231458 0.0013065 0.00279081 -0.000412064 -0.00130872 0.00256455 0.00137585 0.00316921 0.00294884 -0.00139404 0.00286676 -0.0021786 0.00308568 0.00602729 -0.010453 -0.00151337 0.0041431 -0.000684925 -0.00941465
internal_weight=833334 599179 546463 540950 501089 234155 52716 181570 5513 260172 180945 240917 159728 21217 195132 157479 26130 39861 52585 46355 150033 23679 102693 22215 1686 3847 134054 8509 122499 625
internal_count=833334 599179 546463 540950 501089 234155 52716 181570 5513 260172 180945 240917 159728 21217 195132 157479 26130 39861 52585 46355 150033 23679 102693 22215 1686 3847 134054 8509 122499 625
is_linear=0
shrinkage=0.01


Tree=41
num_leaves=31
num_cat=0
split_feature=13 28 5 12 13 13 12 38 35 13 13 2 28 12 13 13 5 38 13 28 28 2 28 28 13 14 40 5 32 14
split_gain=10699.3 2380.17 2203.91 6589.11 2077.57 1543.51 1101.21 717.973 556.022 411.372 380.62 371.516 306.539 282.698 240.83 227.883 213.276 212.733 211.426 177.694 170.833 169.45 166.464 186.941 163.587 154.182 149.763 140.885 138.699 135.483
threshold=1.7440562103390491 1.0000000180025095e-35 1.0000000180025095e-35 1.0000000180025095e-35 1.1286563969375776 2.1529823870768343 1.0000000180025095e-35 1.0000000180025095e-35 1.0000000180025095e-35 1.4380562886343047 2.46915829192403 1.0000000180025095e-35 1.1967971091642235 1.0000000180025095e-35 1.1633070353967037 0.2307147380127984 1.0000000180025095e-35 1.0000000180025095e-35 0.67115713001328248 1.577844035516788 1.2540478467803495 1.0000000180025095e-35 1.577844035516788 1.0000000180025095e-35 1.1958902166992444 1.0000000180025095e-35 1.0000000180025095e-35 1.0000000180025095e-35 -1.0000000180025095e-35 1.0000000180025095e-35
decision_type=2 2 2 2 2 2 2 2 2 2 2 2 2 2 2 2 2 2 2 2 2 2 2 2 2 2 2 2 2 2
left_child=1 15 3 4 12 6 11 14 -5 19 13 17 18 21 -4 -1 -8 -2 -3 28 29 -7 23 -13 -9 -25 -20 -12 -6 -11
right_child=5 2 7 8 9 10 16 24 -10 20 27 22 -14 -15 -16 -17 -18 -19 26 -21 -22 -23 -24 25 -26 -27 -28 -29 -30 -31
leaf_value=0.0020984755989639672 0.0037166493144473391 -0.002643889700660906 0.0010184313913626094 -0.010289666710618746 -0.00078615757968220545 0.0035119522799180953 -0.010659630050112858 -0.0010798338354362621 -0.017447871078029725 -0.00051195240127830061 0.0031838648867032193 0.0024312296560944622 -0.00087849265432007591 -0.0097606399716489555 0.0031713413487626839 0.00060743855421663338 0.012385062671133451 0.0015568721864136117 -0.0016615160539271488 0.00059336904525847346 0.00058358293550672289 0.0020226499500321125 0.0019238683958425599 0.00050871171573748568 0.000624304096971686 0.0013220532411214892 -0.0026321200995912354 0.0049708343810867745 -0.0015438113378059039 0.0002590302888994882
leaf_weight=25252 7521 40659 8100 3484 102513 8705 917 9914 1576 79284 28682 6717 27537 198 14492 17254 42 11586 103109 7742 27998 62428 14889 90713 13045 31366 18795 5214 31613 31989
leaf_count=25252 7521 40659 8100 3484 102513 8705 917 9914 1576 79284 28682 6717 27537 198 14492 17254 42 11586 103109 7742 27998 62428 14889 90713 13045 31366 18795 5214 31613 31989
internal_value=-3.02139e-12 -0.000782258 -0.000967603 -0.00116857 -0.00104669 0.00164129 0.00103404 0.00113383 -0.0125192 -0.0005007 0.00258628 0.00109698 -0.00185417 0.00217169 0.00239945 0.00149324 -0.00965037 0.00240702 -0.00201944 -0.000879705 -0.000114628 0.00220491 0.000922778 0.00080705 -0.000111565 0.000717685 -0.00181116 0.00345874 -0.000964734 -0.000290309
internal_weight=833334 564356 521850 476299 471239 268978 163751 45551 5060 281139 105227 162792 190100 71331 22592 42506 959 19107 162563 141868 139271 71133 143685 128796 22959 122079 121904 33896 134126 111273
internal_count=833334 564356 521850 476299 471239 268978 163751 45551 5060 281139 105227 162792 190100 71331 22592 42506 959 19107 162563 141868 139271 71133 143685 128796 22959 122079 121904 33896 134126 111273
is_linear=0
shrinkage=0.01


Tree=42
num_leaves=31
num_cat=0
split_feature=13 5 12 28 13 13 38 12 35 13 2 13 13 38 28 33 30 28 13 12 13 14 21 0 28 28 33 28 28 28
split_gain=10492.2 2385.03 7291.08 1948.1 2426.7 1168.22 727.62 709.132 558.258 403.115 396.271 358.37 253.493 251.133 229.796 225.747 201.814 190.171 184.978 196.122 168.621 163.175 151.68 150.277 145.186 141.635 140.751 139.502 139.229 168.541
threshold=1.817345987806525 1.0000000180025095e-35 1.0000000180025095e-35 1.0000000180025095e-35 1.2546183788285423 2.3616555654603211 1.0000000180025095e-35 1.0000000180025095e-35 1.0000000180025095e-35 0.84221350528399996 1.0000000180025095e-35 1.5831965959594523 2.0493044451851294 1.0000000180025095e-35 1.1440341707935231 1.0000000180025095e-35 1.0000000180025095e-35 1.5643359330496931 2.7904593368717907 1.0000000180025095e-35 1.4561701692373348 1.0000000180025095e-35 12.500000000000002 0.60355339059327384 1.3948823706269662 1.606333092449477 1.0000000180025095e-35 1.2396777184720602 1.6700625298214697 0.061565245139631762
decision_type=2 2 2 2 2 2 2 2 2 2 2 2 2 2 2 2 8 2 2 2 2 2 2 2 2 2 2 2 2 2
left_child=1 2 3 16 9 7 15 10 24 25 13 17 -12 26 21 20 -1 22 19 -7 -3 -11 -6 -22 -4 -5 -2 -10 29 -8
right_child=5 6 8 4 11 18 28 -9 27 14 12 -13 -14 -15 -16 -17 -18 -19 -20 -21 23 -23 -24 -25 -26 -27 -28 -29 -30 -31
leaf_value=0.00053417162991481633 0.0046142662426444893 0.0020420573756335372 -0.010875175210621334 -0.0022831248360302759 -0.0012460957115813592 0.0029281734542880708 0.0020268769579122742 -0.0092186456880606719 -0.019053599985074825 -0.0018020384413014289 0.00089908920034309384 0.00019537845460031365 0.0016965499675526167 0.0018453203784039556 -0.00055540308125457034 -0.00037410682218149495 0.0019698554704910233 0.00074809192720368296 0.004725278964803784 -0.0081971059612484659 0.0033827683966166683 -0.0010564682385670657 -0.00048339378580096383 0.0076748870872962891 -0.0042540610924393677 -0.0001943382610983316 0.0010528474213781632 -0.012717817540832906 0.002170956332004178 -0.00043345141551500772
leaf_weight=17296 7197 12892 3481 84465 34161 46196 3227 625 1172 83266 83235 100999 76493 12708 29119 2451 22565 10213 6230 159 9898 45338 110152 889 366 3376 1312 494 3062 20297
leaf_count=17296 7197 12892 3481 84465 34161 46196 3227 625 1172 83266 83235 100999 76493 12708 29119 2451 22565 10213 6230 159 9898 45338 110152 889 366 3376 1312 494 3062 20297
internal_value=-1.2973e-12 -0.00070145 -0.000897406 -0.000780797 -0.000950053 0.00179494 0.00132987 0.00141482 -0.0123394 -0.00165993 0.00145155 -0.000267846 0.00128099 0.00273557 -0.00135757 0.00251492 0.0013469 -0.000570612 0.00310745 0.00289001 0.00281396 -0.0015392 -0.000663936 0.0037365 -0.0102452 -0.00220285 0.00406513 -0.0171749 0.000165141 -9.59459e-05
internal_weight=833334 599179 546463 540950 501089 234155 52716 181570 5513 245564 180945 255525 159728 21217 157723 26130 39861 154526 52585 46355 23679 128604 144313 10787 3847 87841 8509 1666 26586 23524
internal_count=833334 599179 546463 540950 501089 234155 52716 181570 5513 245564 180945 255525 159728 21217 157723 26130 39861 154526 52585 46355 23679 128604 144313 10787 3847 87841 8509 1666 26586 23524
is_linear=0
shrinkage=0.01


Tree=43
num_leaves=31
num_cat=0
split_feature=13 5 12 28 13 13 38 12 35 13 2 28 13 38 13 33 28 13 5 34 28 32 12 0 30 14 31 33 38 28
split_gain=10283.7 2346.53 7187.29 1900.64 2460.01 1094.86 720.283 663.099 548.056 466.921 381.602 322.763 238.719 238.503 225.863 224.491 215.241 194.919 183.814 172.045 166.797 159.239 158.737 158.728 164.262 144.219 140.666 150.939 140.396 139.966
threshold=1.8313807399640976 1.0000000180025095e-35 1.0000000180025095e-35 1.0000000180025095e-35 1.2978728901952092 2.3616555654603211 1.0000000180025095e-35 1.0000000180025095e-35 1.0000000180025095e-35 1.0041184254615352 1.0000000180025095e-35 1.3332890671097923 1.6009015763257179 1.0000000180025095e-35 2.0948841859669698 1.0000000180025095e-35 1.1967971091642235 1.0000000180025095e-35 1.0000000180025095e-35 1.0000000180025095e-35 1.2766189845821341 1.0000000180025095e-35 1.0000000180025095e-35 0.60355339059327384 0.64910156193684598 1.0000000180025095e-35 1.0000000180025095e-35 1.0000000180025095e-35 1.0000000180025095e-35 1.2396777184720602
decision_type=2 2 2 2 2 2 2 2 2 2 2 2 2 2 2 2 2 2 2 2 2 2 2 2 8 2 2 2 2 2
left_child=1 2 3 17 9 7 15 10 26 16 13 12 -6 -2 -12 19 21 -1 22 23 -11 25 -7 -3 -25 -5 27 -4 -20 -10
right_child=5 6 8 4 11 18 -8 -9 29 20 14 -13 -14 -15 -16 -17 -18 -19 28 -21 -22 -23 -24 24 -26 -27 -28 -29 -30 -31
leaf_value=0.0019501569089178002 0.0040678283636659679 0.002771510454718123 -0.0087424521731487136 -0.0022519840152720161 -0.00063084141009412038 0.0028758932917530584 0.00017209498693172601 -0.0092435375091796425 -0.018856800463930404 -0.0012842618728491927 0.00098006704320818339 0.00064977030675408094 7.1092319999074198e-05 0.0018654397417228355 0.0017593536184791888 -0.00036758487022372772 -0.0010216925475503729 0.00054504759803065126 0.006072613081375253 -0.00050641844283479218 -0.00019380513248390242 -0.002784401155615495 -0.0060528133649146191 0.0080829706374312832 0.0014234437005543107 -0.0014375716693996819 0.00062373255115097111 -0.012793220757447488 0.0033074345649354059 -0.012539743741173297
leaf_weight=22565 8216 20704 2164 56256 122130 44944 26929 580 1175 108819 91634 38203 80310 12246 62600 2478 19975 17552 3297 1481 16103 29267 200 1156 545 35443 118 1600 4144 500
leaf_count=22565 8216 20704 2164 56256 122130 44944 26929 580 1175 108819 91634 38203 80310 12246 62600 2478 19975 17552 3297 1481 16103 29267 200 1156 545 35443 118 1600 4144 500
internal_value=1.9953e-12 -0.000681481 -0.000874883 -0.000759851 -0.000925801 0.00181083 0.0013224 0.00143116 -0.0121902 -0.00158883 0.0014666 -0.000193282 -0.000352377 0.00274975 0.00129636 0.00249735 -0.00198337 0.00133539 0.00307637 0.00279457 -0.0011437 -0.00214218 0.00283634 0.00301277 0.00594926 -0.0019372 -0.0101273 -0.0104644 0.00453265 -0.0169711
internal_weight=833334 605473 552180 546623 506506 227861 53293 175276 5557 265863 174696 240643 202440 20462 154234 26364 140941 40117 52585 23886 124922 120966 45144 22405 1701 91699 3882 3764 7441 1675
internal_count=833334 605473 552180 546623 506506 227861 53293 175276 5557 265863 174696 240643 202440 20462 154234 26364 140941 40117 52585 23886 124922 120966 45144 22405 1701 91699 3882 3764 7441 1675
is_linear=0
shrinkage=0.01


Tree=44
num_leaves=31
num_cat=0
split_feature=13 28 5 12 13 13 12 38 35 13 13 2 12 28 13 13 13 5 38 2 28 2 2 28 28 13 21 14 38 14
split_gain=10084.8 2244.33 2068.87 6202.07 1961.28 1456.01 1036.24 676.619 523.781 409.005 363.26 350.287 294.814 285.87 232.55 215.629 214.701 205.069 200.162 181.406 178.888 174.705 171.204 162.735 190.015 160.428 157.047 153.142 141.586 135.79
threshold=1.7440562103390491 1.0000000180025095e-35 1.0000000180025095e-35 1.0000000180025095e-35 1.1153054981769268 2.1529823870768343 1.0000000180025095e-35 1.0000000180025095e-35 1.0000000180025095e-35 1.4135446682119426 2.5413657419861835 1.0000000180025095e-35 1.0000000180025095e-35 1.5376196188713058 1.1633070353967037 0.2307147380127984 0.67115713001328248 1.0000000180025095e-35 1.0000000180025095e-35 1.0000000180025095e-35 1.5643359330496931 1.0000000180025095e-35 1.0000000180025095e-35 1.4453883934859626 1.0000000180025095e-35 1.2546183788285423 12.500000000000002 1.0000000180025095e-35 1.0000000180025095e-35 1.0000000180025095e-35
decision_type=2 2 2 2 2 2 2 2 2 2 2 2 2 2 2 2 2 2 2 2 2 2 2 2 2 2 2 2 2 2
left_child=1 15 3 4 13 6 11 14 -5 21 12 18 19 16 -4 -1 -3 -8 -2 28 26 -6 -18 24 -13 -9 -11 -26 -7 -28
right_child=5 2 7 8 9 10 17 25 -10 20 -12 23 -14 -15 -16 -17 22 -19 -20 -21 -22 -23 -24 -25 27 -27 29 -29 -30 -31
leaf_value=0.0020388859679547626 0.0036071388850643753 -0.0025080062844409392 0.00096815583040440881 -0.0099824422769901801 0.00019830161569251922 0.0048849870184194434 -0.010350391969428527 -0.00098171662643232538 -0.016930015061469041 -0.00084272346958665979 0.0035773495363922449 0.002387167520442345 -0.0090690793031083967 -9.1197379452428816e-05 0.0030837322273655175 0.00058849263004190409 -0.00075858236341251964 0.012246542597145199 0.0015121443720390074 0.0020405394890871315 0.0010412134566912255 -0.0010137716855149173 -0.0018434659677215137 0.0016862579292214813 0.00044016974751851006 0.00069140185185525779 -0.00027199981346333422 0.0012719071748725176 0.0024764908947613089 0.00053146264095876763
leaf_weight=25252 7521 44692 8100 3484 13168 4174 917 11030 1576 33000 24516 6717 232 9093 14492 17254 16672 42 11586 70427 11819 122702 114076 22038 84997 11929 77089 29933 5878 28928
leaf_count=25252 7521 44692 8100 3484 13168 4174 917 11030 1576 33000 24516 6717 232 9093 14492 17254 16672 42 11586 70427 11819 122702 114076 22038 84997 11929 77089 29933 5878 28928
internal_value=2.08279e-12 -0.000759463 -0.000939441 -0.00113416 -0.00101591 0.00159347 0.00100368 0.00109659 -0.0121464 -0.000498345 0.00251128 0.00106474 0.00218746 -0.00182005 0.00232523 0.00145014 -0.00190966 -0.00936075 0.00233679 0.00221991 -0.000139873 -0.000896302 -0.00170513 0.00089558 0.000752338 -0.0001124 -0.000240287 0.000656792 0.0034766 -5.27655e-05
internal_weight=833334 564356 521850 476299 471239 268978 163751 45551 5060 286706 105227 162792 80711 184533 22592 42506 175440 959 19107 80479 150836 135870 130748 143685 121647 22959 139017 114930 10052 106017
internal_count=833334 564356 521850 476299 471239 268978 163751 45551 5060 286706 105227 162792 80711 184533 22592 42506 175440 959 19107 80479 150836 135870 130748 143685 121647 22959 139017 114930 10052 106017
is_linear=0
shrinkage=0.01


Tree=45
num_leaves=31
num_cat=0
split_feature=13 5 12 28 13 13 38 12 35 13 2 28 13 38 13 33 28 13 13 34 28 2 12 0 30 35 28 14 14 28
split_gain=9887.25 2256.73 6904.7 1823.62 2363.54 1054.56 692.491 660.756 526.871 451.188 376.178 313.032 255.805 235.868 230.275 219.813 208.768 187.56 169.637 168.471 167.584 164.423 163.182 155.519 160.521 144.01 140.11 139.08 138.579 138.44
threshold=1.8313807399640976 1.0000000180025095e-35 1.0000000180025095e-35 1.0000000180025095e-35 1.2978728901952092 2.377182230124077 1.0000000180025095e-35 1.0000000180025095e-35 1.0000000180025095e-35 0.91968494507747989 1.0000000180025095e-35 1.5504307262277668 1.6063326756865497 1.0000000180025095e-35 2.0948841859669698 1.0000000180025095e-35 1.577844035516788 1.0000000180025095e-35 2.7904593368717907 1.0000000180025095e-35 1.606333092449477 1.0000000180025095e-35 1.0000000180025095e-35 0.60355339059327384 0.64910156193684598 1.0000000180025095e-35 1.3948823706269662 1.0000000180025095e-35 1.0000000180025095e-35 1.6700625298214697
decision_type=2 2 2 2 2 2 2 2 2 2 2 2 2 2 2 2 2 2 2 2 2 2 2 2 8 2 2 2 2 2
left_child=1 2 3 17 9 7 15 10 26 20 13 12 28 -2 -12 19 21 -1 22 23 -5 -11 -7 -3 -25 -9 -4 -23 -6 -8
right_child=5 6 8 4 11 18 29 25 -10 16 14 -13 -14 -15 -16 -17 -18 -19 -20 -21 -22 27 -24 24 -26 -27 -28 -29 -30 -31
leaf_value=0.001910266501297382 0.0040095554007759104 0.0027202288325974063 -0.010556252313514513 -0.0021200675687778423 -0.00077580764434410031 0.0028814817259042113 -9.002998701328057e-05 -0.0052555503058941896 -0.016636119991307385 -0.00031321545853417844 0.00096127359735748695 0.0010223752714518348 0.00012700771458577244 0.001840947070535447 0.0017383612325119406 -0.00038592004260375764 0.00044117846163357303 0.00053193673561073378 0.0046101089179958581 -0.00052341254981574188 -0.00011073772650654074 -0.0016275455581512949 -0.00753228331962292 0.0079749658940557137 0.0013917035516290051 -0.015429208456843565 -0.0042002564560646169 -0.00093119653013100639 -6.9508850959154703e-05 0.0021533272847964356
leaf_weight=22565 8397 20704 3497 107192 95289 43093 23819 362 1675 15440 91634 19575 86569 12454 65314 2478 7317 17552 6230 1481 4318 89355 151 1156 545 226 385 42241 39210 3110
leaf_count=22565 8397 20704 3497 107192 95289 43093 23819 362 1675 15440 91634 19575 86569 12454 65314 2478 7317 17552 6230 1481 4318 89355 151 1156 545 226 385 42241 39210 3110
internal_value=-1.32104e-12 -0.000668215 -0.00085788 -0.000745132 -0.000907685 0.00177558 0.00129695 0.00141731 -0.0119485 -0.00155759 0.00145231 -0.000189673 -0.000296997 0.00271428 0.00128466 0.00244901 -0.00120744 0.00130722 0.00306737 0.00274311 -0.00204226 -0.00128948 0.00284512 0.00295903 0.00586569 -0.00916583 -0.00992589 -0.00140402 -0.000569903 0.000169053
internal_weight=833334 605473 552180 546623 506506 227861 53293 178387 5557 265863 177799 240643 221068 20851 156948 26364 154353 40117 49474 23886 111510 147036 43244 22405 1701 588 3882 131596 134499 26929
internal_count=833334 605473 552180 546623 506506 227861 53293 178387 5557 265863 177799 240643 221068 20851 156948 26364 154353 40117 49474 23886 111510 147036 43244 22405 1701 588 3882 131596 134499 26929
is_linear=0
shrinkage=0.01


Tree=46
num_leaves=31
num_cat=0
split_feature=13 28 5 12 13 13 12 38 35 13 13 2 12 28 13 13 5 21 38 2 14 2 28 28 28 13 38 14 31 33
split_gain=9693.17 2158.25 1983.54 5957.23 1887.92 1399.55 994.78 650.738 503.47 374.318 350.596 336.781 326.725 284.625 227.151 207.656 198.906 196.113 192.34 189.58 174.828 169.052 159.527 159.276 178.93 157.661 151.539 148.384 131.818 140.285
threshold=1.7440562103390491 1.0000000180025095e-35 1.0000000180025095e-35 1.0000000180025095e-35 1.1286563969375776 2.1529823870768343 1.0000000180025095e-35 1.0000000180025095e-35 1.0000000180025095e-35 1.4380562886343047 2.5981609247964816 1.0000000180025095e-35 1.0000000180025095e-35 1.183412878638334 1.4380562886343047 0.2307147380127984 1.0000000180025095e-35 12.500000000000002 1.0000000180025095e-35 1.0000000180025095e-35 1.0000000180025095e-35 1.0000000180025095e-35 1.2540478467803495 1.577844035516788 1.0000000180025095e-35 1.1357474824356391 1.0000000180025095e-35 1.0000000180025095e-35 1.0000000180025095e-35 1.0000000180025095e-35
decision_type=2 2 2 2 2 2 2 2 2 2 2 2 2 2 2 2 2 2 2 2 2 2 2 2 2 2 2 2 2 2
left_child=1 15 3 4 13 6 11 14 28 21 12 18 19 17 -4 -1 -8 -3 -2 26 -19 -6 -11 24 -13 -9 -7 -26 29 -5
right_child=5 2 7 8 9 10 16 25 -10 22 -12 23 -14 -15 -16 -17 -18 20 -20 -21 -22 -23 -24 -25 27 -27 -28 -29 -30 -31
leaf_value=0.0020000020779346733 0.003536368805965306 -0.0025455086854585108 0.0013565310298798209 -0.0083449724863846417 0.00022809488037341341 0.0048511083892575114 -0.010145658358876699 -0.0011669599509148523 -0.016594353633631979 -0.00027684962120383568 0.0037113359546987901 0.0023537333683763709 -0.0089978020793328502 -0.00084618718024071795 0.003369240716349399 0.00057667557015676318 0.012109140040840776 -0.0020254071016342812 0.0014827211121175763 0.0020507462416758139 -0.0012456167344046581 -0.00094877958937061933 0.0005676303475392185 0.0018571767494888545 0.00047230138379169168 0.00053850953228350563 0.0024643573274364334 0.0012702046022252257 0.0011447064977174049 -0.012457503172886835
leaf_weight=25252 7521 39048 12255 1912 13488 4561 917 8772 1576 111273 18512 6717 260 28606 10337 17254 42 76316 11586 75511 46130 128380 27998 14889 90713 14187 6383 31366 107 1465
leaf_count=25252 7521 39048 12255 1912 13488 4561 917 8772 1576 111273 18512 6717 260 28606 10337 17254 42 76316 11586 75511 46130 128380 27998 14889 90713 14187 6383 31366 107 1465
internal_value=-2.44844e-12 -0.000744569 -0.000921062 -0.00111172 -0.000995833 0.00156222 0.000983979 0.00107254 -0.0119044 -0.000475356 0.00246205 0.0010438 0.00219536 -0.00176557 0.00227745 0.00142225 -0.009171 -0.00192842 0.00229109 0.00222902 -0.00173163 -0.000836889 -0.000107082 0.000877939 0.000764738 -0.000113103 0.00345906 0.000677308 -0.00978282 -0.0101291
internal_weight=833334 564356 521850 476299 471239 268978 163751 45551 5060 281139 105227 162792 86715 190100 22592 42506 959 161494 19107 86455 122446 141868 139271 143685 128796 22959 10944 122079 3484 3377
internal_count=833334 564356 521850 476299 471239 268978 163751 45551 5060 281139 105227 162792 86715 190100 22592 42506 959 161494 19107 86455 122446 141868 139271 143685 128796 22959 10944 122079 3484 3377
is_linear=0
shrinkage=0.01


Tree=47
num_leaves=31
num_cat=0
split_feature=13 5 12 28 13 13 38 12 35 13 2 28 38 14 13 28 33 30 2 34 13 13 12 0 14 28 14 35 13 28
split_gain=9506.13 2170.43 6633.23 1749.68 2271.3 1016.02 665.771 634.095 506.506 437.39 361.335 304.21 226.489 223.715 220.548 216.659 215.054 180.48 174.828 164.833 164.22 158.385 157.606 152.362 159.025 148.795 143.149 141.037 137.11 137.088
threshold=1.8313807399640976 1.0000000180025095e-35 1.0000000180025095e-35 1.0000000180025095e-35 1.2978728901952092 2.377182230124077 1.0000000180025095e-35 1.0000000180025095e-35 1.0000000180025095e-35 0.89220291535796681 1.0000000180025095e-35 1.3332890671097923 1.0000000180025095e-35 1.0000000180025095e-35 2.0948841859669698 1.577844035516788 1.0000000180025095e-35 1.0000000180025095e-35 1.0000000180025095e-35 1.0000000180025095e-35 2.7904593368717907 1.6250159375507975 1.0000000180025095e-35 0.60355339059327384 1.0000000180025095e-35 1.606333092449477 1.0000000180025095e-35 1.0000000180025095e-35 1.3234876639689244 1.3948823706269662
decision_type=2 2 2 2 2 2 2 2 2 2 2 2 2 2 2 2 2 8 2 2 2 2 2 2 2 2 2 2 2 2
left_child=1 2 3 17 9 7 16 10 29 25 12 13 -2 21 -12 18 19 28 -11 23 22 -6 -7 -3 -25 -5 -20 -9 -1 -4
right_child=5 6 8 4 11 20 -8 27 -10 15 14 -13 -14 -15 -16 -17 -18 -19 26 -21 -22 -23 -24 24 -26 -27 -28 -29 -30 -31
leaf_value=-0.00041160012271175452 0.0039297325085975209 0.0026697364123056035 -0.010352015020643866 -0.0021143977371567116 -0.00080072384051242576 0.0028260497228020315 0.00016609046972711268 -0.0051083659033229305 -0.016307754883398095 -0.00031388309606528907 0.00094285453270397839 0.000632399040517635 0.0018046742473756955 0.00018072997898774203 0.0017033527494455698 0.00042989671448966701 -0.00040244427519704285 0.0018711638263324158 -0.0016231369378267556 -0.00053853091691302452 0.0045268943691745781 -0.00010908836004957422 -0.0074082239537148287 0.0022945548727859822 0.0084629892471254353 -0.00013437149143485247 -0.00093596810696906069 -0.015176456294277996 0.0013584294987892631 -0.0040649210962515276
leaf_weight=8323 8397 20704 3497 98746 92266 43093 26929 362 1675 16519 91634 38203 12454 58532 65314 7720 2478 22565 94239 1481 6230 51642 151 739 962 3947 44692 226 9229 385
leaf_count=8323 8397 20704 3497 98746 92266 43093 26929 362 1675 16519 91634 38203 12454 58532 65314 7720 2478 22565 94239 1481 6230 51642 151 739 962 3947 44692 226 9229 385
internal_value=3.92947e-12 -0.000655209 -0.000841212 -0.000730703 -0.000889926 0.00174102 0.00127201 0.00138936 -0.0117116 -0.00152702 0.00142365 -0.000186064 0.00266047 -0.000340519 0.00125934 -0.00120524 0.00240163 0.00127961 -0.00128645 0.00269253 0.00300899 -0.000552527 0.00279031 0.00290611 0.00578311 -0.0020383 -0.00140209 -0.00897807 0.000519097 -0.00972849
internal_weight=833334 605473 552180 546623 506506 227861 53293 178387 5557 265863 177799 240643 20851 202440 156948 163170 26364 40117 155450 23886 49474 143908 43244 22405 1701 102693 138931 588 17552 3882
internal_count=833334 605473 552180 546623 506506 227861 53293 178387 5557 265863 177799 240643 20851 202440 156948 163170 26364 40117 155450 23886 49474 143908 43244 22405 1701 102693 138931 588 17552 3882
is_linear=0
shrinkage=0.01


Tree=48
num_leaves=31
num_cat=0
split_feature=13 28 5 12 13 13 12 38 35 13 2 12 13 28 13 32 13 38 5 13 28 2 14 13 2 14 38 31 33 28
split_gain=9318.04 2076.06 1901.86 5721.94 1817.93 1346.15 970.418 625.729 483.946 378.659 344.83 327.877 307.296 268.665 223.515 205.326 199.757 192.506 191.678 179.695 168.365 164.308 160.298 154.603 154.386 140.643 133.368 129.163 137.28 128.335
threshold=1.7440562103390491 1.0000000180025095e-35 1.0000000180025095e-35 1.0000000180025095e-35 1.1153054981769268 2.1840830473287376 1.0000000180025095e-35 1.0000000180025095e-35 1.0000000180025095e-35 1.4135446682119426 1.0000000180025095e-35 1.0000000180025095e-35 2.568366588257883 1.4557038056921707 1.1633070353967037 1.0000000180025095e-35 0.2307147380127984 1.0000000180025095e-35 1.0000000180025095e-35 1.9183186933311254 1.1130081554571369 1.0000000180025095e-35 1.0000000180025095e-35 1.2546183788285423 1.0000000180025095e-35 1.0000000180025095e-35 1.0000000180025095e-35 1.0000000180025095e-35 1.0000000180025095e-35 1.1192315625430653
decision_type=2 2 2 2 2 2 2 2 2 2 2 2 2 2 2 2 2 2 2 2 2 2 2 2 2 2 2 2 2 2
left_child=1 16 3 4 13 6 10 14 27 21 17 12 24 15 -4 22 -1 -2 -8 -12 25 -6 -3 -9 26 -11 -7 28 -5 -10
right_child=5 2 7 8 9 11 18 23 29 20 19 -13 -14 -15 -16 -17 -18 -19 -20 -21 -22 -23 -24 -25 -26 -27 -28 -29 -30 -31
leaf_value=0.0019617964648943344 0.0035017646531579983 -0.0019199755657330006 0.00090008468527971513 -0.0081650392642366714 0.00020068415559273793 0.0048066649450303608 -0.0098600262355188466 -0.00096702211673346111 -0.018502736892207664 -0.00057568104330682393 0.00052039870058677624 -0.0074693875476492177 0.003571875189959297 -0.00029305967468091349 0.0029741577295602584 -0.002460245833616682 0.00056580366213456834 0.0015021303410166519 0.011976466247191031 0.0012114366387172037 0.00040202299548142682 -0.00097477007453333406 -0.0011924436575008073 0.00067544223577768888 0.0020373878815055065 0.00021210684816885594 0.0023990723963154439 0.0012297287195154997 -0.01223327048783073 -0.012625821773863087
leaf_weight=25252 7943 83275 8100 1912 13168 3952 937 11030 976 76282 68873 330 21385 11838 14492 41827 17254 12223 42 82952 42314 122702 47593 11929 64834 32240 5507 107 1465 600
leaf_count=25252 7943 83275 8100 1912 13168 3952 937 11030 976 76282 68873 330 21385 11838 14492 41827 17254 12223 42 82952 42314 122702 47593 11929 64834 32240 5507 107 1465 600
internal_value=-1.19696e-12 -0.00073002 -0.000903119 -0.00108981 -0.000976235 0.00153169 0.00100464 0.00104901 -0.0116672 -0.00047794 0.00106115 0.00248124 0.00251556 -0.00175043 0.00223053 -0.00185033 0.00139514 0.00228975 -0.00892322 0.000897958 -0.000133022 -0.00086085 -0.00165539 -0.000113633 0.00221151 -0.000341643 0.00340497 -0.00958717 -0.00992991 -0.0162653
internal_weight=833334 564356 521850 476299 471239 268978 172970 45551 5060 286706 171991 96008 95678 184533 22592 172695 42506 20166 979 151825 150836 135870 130868 22959 74293 108522 9459 3484 3377 1576
internal_count=833334 564356 521850 476299 471239 268978 172970 45551 5060 286706 171991 96008 95678 184533 22592 172695 42506 20166 979 151825 150836 135870 130868 22959 74293 108522 9459 3484 3377 1576
is_linear=0
shrinkage=0.01


Tree=49
num_leaves=31
num_cat=0
split_feature=13 5 12 28 13 13 38 12 35 13 2 28 13 38 13 33 28 30 5 34 28 0 14 14 35 23 28 28 29 33
split_gain=9134.4 2087 6372.78 1679.54 2183.35 978.856 640.092 608.855 486.924 424.353 347.469 297.19 239.316 217.498 211.816 210.572 196.931 173.245 162.14 161.409 159.912 149.282 155.798 143.503 138.116 136.871 135.758 162.753 172.242 135.303
threshold=1.8313807399640976 1.0000000180025095e-35 1.0000000180025095e-35 1.0000000180025095e-35 1.2978728901952092 2.377182230124077 1.0000000180025095e-35 1.0000000180025095e-35 1.0000000180025095e-35 0.92881199292245842 1.0000000180025095e-35 1.5504307262277668 1.5948317548965225 1.0000000180025095e-35 2.1043170625120711 1.0000000180025095e-35 1.1440341707935231 1.0000000180025095e-35 1.0000000180025095e-35 1.0000000180025095e-35 1.606333092449477 0.60355339059327384 1.0000000180025095e-35 1.0000000180025095e-35 1.0000000180025095e-35 1.0000000180025095e-35 1.6700625298214697 0.061565245139631762 1.0000000180025095e-35 1.0000000180025095e-35
decision_type=2 2 2 2 2 2 2 2 2 2 2 2 2 2 2 2 2 8 2 2 2 2 2 2 2 2 2 2 2 2
left_child=1 2 3 17 9 7 15 10 -4 20 13 12 -6 29 -12 19 23 -1 -7 21 25 -3 -23 -11 -9 -5 27 -8 -29 -2
right_child=5 6 8 4 11 18 26 24 -10 16 14 -13 -14 -15 -16 -17 -18 -19 -20 -21 -22 22 -24 -25 -26 -27 -28 28 -30 -31
leaf_value=0.0005081474648317803 0.0043935413595832633 0.0026203989543750702 -0.0095351056687791973 -0.0018664196317410263 -0.00056311819303456623 0.0027170860623381326 0.0019865180165489164 -0.0049681127537299172 -0.01598593424743236 -0.0015730870587401188 0.00093516431894060715 0.00099873544477817756 0.00010498192464522989 0.0017692907275702447 0.0016856481516875346 -0.00041953220179788745 -0.00040404520809325363 0.0018328342647070911 0.0043510222440072462 -0.00055430853790425531 -9.4197401454325423e-05 0.0022491624693705098 0.0083546984929767139 -0.0008542644840689288 -0.014931380651990135 -0.0027853352268278407 0.00212813109713425 -0.00059769130593527854 0.0043417988462619165 0.00087770968610365941
leaf_weight=17552 7103 20704 3882 90305 129643 42385 3249 362 1675 80160 94465 19575 91425 12454 62483 2478 28714 22565 7089 1481 4433 739 962 42496 226 19755 3110 19838 732 1294
leaf_count=17552 7103 20704 3882 90305 129643 42385 3249 362 1675 80160 94465 19575 91425 12454 62483 2478 28714 22565 7089 1481 4433 739 962 42496 226 19755 3110 19838 732 1294
internal_value=1.30196e-13 -0.000642271 -0.000824664 -0.000716346 -0.000872346 0.00170664 0.00124755 0.00136148 -0.0114795 -0.00149698 0.00139507 -0.000182246 -0.000286818 0.00260792 0.00123394 0.00235516 -0.00114952 0.00125326 0.00295121 0.00264302 -0.00195635 0.00285437 0.00570215 -0.00132404 -0.00879753 -0.00203136 0.000163165 -9.33963e-05 -0.000421916 0.00385174
internal_weight=833334 605473 552180 546623 506506 227861 53293 178387 5557 265863 177799 240643 221068 20851 156948 26364 151370 40117 49474 23886 114493 22405 1701 122656 588 110060 26929 23819 20570 8397
internal_count=833334 605473 552180 546623 506506 227861 53293 178387 5557 265863 177799 240643 221068 20851 156948 26364 151370 40117 49474 23886 114493 22405 1701 122656 588 110060 26929 23819 20570 8397
is_linear=0
shrinkage=0.01


Tree=50
num_leaves=31
num_cat=0
split_feature=13 28 5 12 13 13 12 38 35 13 2 12 13 28 13 13 38 13 13 5 2 2 2 13 21 2 38 33 31 33
split_gain=8956.7 1994.91 1824.51 5496.39 1749.4 1294.19 960.91 601 465.105 364.201 348.422 292.037 277.19 259.745 218.606 199.569 192.896 192.348 191.799 186.252 171.221 157.452 151.642 151.488 140.585 138.305 129.38 127.254 126.592 134.548
threshold=1.7440562103390491 1.0000000180025095e-35 1.0000000180025095e-35 1.0000000180025095e-35 1.1153054981769268 2.205578473534255 1.0000000180025095e-35 1.0000000180025095e-35 1.0000000180025095e-35 1.4380562886343047 1.0000000180025095e-35 1.0000000180025095e-35 2.5981609247964816 1.4557038056921707 1.1633070353967037 0.67115713001328248 1.0000000180025095e-35 0.2307147380127984 1.9333313642324415 1.0000000180025095e-35 1.0000000180025095e-35 1.0000000180025095e-35 1.0000000180025095e-35 1.1357474824356391 12.500000000000002 1.0000000180025095e-35 1.0000000180025095e-35 1.0000000180025095e-35 1.0000000180025095e-35 1.0000000180025095e-35
decision_type=2 2 2 2 2 2 2 2 2 2 2 2 2 2 2 2 2 2 2 2 2 2 2 2 2 2 2 2 2 2
left_child=1 17 3 4 13 6 10 14 28 20 16 12 25 15 -4 -3 27 -1 -12 -8 -6 -17 -11 -9 -24 26 -7 -2 29 -5
right_child=5 2 7 8 9 11 19 23 -10 22 18 -13 -14 -15 -16 21 -18 -19 -20 -21 -22 -23 24 -25 -26 -27 -28 -29 -30 -31
leaf_value=0.0019235361320745241 0.0040251841703610102 -0.002395362929349552 0.00086879462104594654 -0.0079880380588648794 0.00023373839479451475 0.0047837533767367355 -0.0096916499433270711 -0.001145848483928853 -0.015942820083121839 0.0012406629585798655 0.00053544336637021664 -0.0071609939161923156 0.0036083371456984478 -0.0002834387333844434 0.0029199641290331537 -0.00069998996158062419 0.0015018004518366709 0.00055367748956980758 0.001234906027366988 0.011825303037961324 -0.00092532446376797058 -0.0017493340327927563 -0.00076300149162327044 0.00052590185117028785 1.8638985879622264e-06 0.002062296061783475 0.0023723693281696291 0.0007084502272514927 0.0013127828368516726 -0.012015586898741715
leaf_weight=25252 6870 44074 8100 1912 14092 3821 954 8772 1576 7939 74369 313 18422 11838 14492 16387 12642 17254 82906 42 133343 112234 31666 14187 99666 61921 5327 1391 107 1465
leaf_count=25252 6870 44074 8100 1912 14092 3821 954 8772 1576 7939 74369 313 18422 11838 14492 16387 12642 17254 82906 42 133343 112234 31666 14187 99666 61921 5327 1391 107 1465
internal_value=5.08015e-13 -0.000715725 -0.000885408 -0.00106826 -0.000956949 0.0015017 0.00101062 0.00102661 -0.0114351 -0.000468136 0.00106537 0.00248148 0.00251521 -0.00171641 0.00218455 -0.00181464 0.00227834 0.00136748 0.000904158 -0.00878431 -0.00081454 -0.00161564 -0.000101427 -0.000112828 -0.000182556 0.00223186 0.00337957 0.00346671 -0.00939595 -0.00973526
internal_weight=833334 564356 521850 476299 471239 268978 179174 45551 5060 286706 178178 89804 89491 184533 22592 172695 20903 42506 157275 996 147435 128621 139271 22959 131332 71069 9148 8261 3484 3377
internal_count=833334 564356 521850 476299 471239 268978 179174 45551 5060 286706 178178 89804 89491 184533 22592 172695 20903 42506 157275 996 147435 128621 139271 22959 131332 71069 9148 8261 3484 3377
is_linear=0
shrinkage=0.01


Tree=51
num_leaves=31
num_cat=0
split_feature=13 28 5 12 13 13 12 38 35 13 13 2 28 12 13 13 5 21 38 28 28 14 28 28 2 13 14 14 5 14
split_gain=8778.46 1955.21 1788.2 5387.01 1714.94 1269.61 898.67 589.04 455.849 385.032 333.796 299.421 242.995 232.71 214.853 188.52 184.435 174.635 173.775 168.772 163.202 155.618 152.199 177.14 149.911 148.479 144.552 137.888 128.578 126.951
threshold=1.7440562103390491 1.0000000180025095e-35 1.0000000180025095e-35 1.0000000180025095e-35 1.0941021191754861 2.1430616707563002 1.0000000180025095e-35 1.0000000180025095e-35 1.0000000180025095e-35 1.4135446682119426 2.46915829192403 1.0000000180025095e-35 1.1967971091642235 1.0000000180025095e-35 1.4380562886343047 0.2307147380127984 1.0000000180025095e-35 12.500000000000002 1.0000000180025095e-35 1.2619364906458534 1.1130081554571369 1.0000000180025095e-35 1.4453883934859626 1.0000000180025095e-35 1.0000000180025095e-35 1.2353261014177181 1.0000000180025095e-35 1.0000000180025095e-35 1.0000000180025095e-35 1.0000000180025095e-35
decision_type=2 2 2 2 2 2 2 2 2 2 2 2 2 2 2 2 2 2 2 2 2 2 2 2 2 2 2 2 2 2
left_child=1 15 3 4 12 6 11 14 -5 19 13 18 17 24 -4 -1 -8 -3 -2 29 27 -19 23 -13 -7 -9 -25 -11 -12 -6
right_child=5 2 7 8 9 10 16 25 -10 20 28 22 -14 -15 -16 -17 -18 21 -20 -21 -22 -23 -24 26 -26 -27 -28 -29 -30 -31
leaf_value=0.0019043007701203926 0.0033625788803268914 -0.0024816112661406198 0.0012670631752354194 -0.009301991899503554 -0.0012148767112539571 0.0031848411517734448 -0.009728084437681573 -0.00097489178261168485 -0.015783391787794945 -0.00056555239397190521 0.0028838642909059056 0.0022791088189700786 -0.00081981676921530485 -0.0086135217100784828 0.0032245297317981597 0.00054814072225604373 0.011707049803364844 -0.0019760043834229223 0.0013925809723991825 -2.7810038131650476e-05 0.00039835589413104013 -0.0012142505412718911 0.0015956338967618522 0.00037789661321658023 0.0018109362666638893 0.00063751008224339958 0.0011932188152695661 0.00021448193848735433 0.0045909956011343954 -0.00052916712291113319
leaf_weight=25252 7380 36643 12255 3484 83306 9046 907 10668 1576 76282 28682 6572 25183 208 10337 17254 42 70954 11386 21257 42314 43114 21581 83495 65062 12291 29403 32240 5214 39946
leaf_count=25252 7380 36643 12255 3484 83306 9046 907 10668 1576 76282 28682 6572 25183 208 10337 17254 42 70954 11386 21257 42314 43114 21581 83495 65062 12291 29403 32240 5214 39946
internal_value=-3.64896e-13 -0.000708568 -0.000876554 -0.00105758 -0.000947379 0.00148668 0.000923021 0.00101634 -0.0113207 -0.000481831 0.00232409 0.000980635 -0.00172909 0.001949 0.0021627 0.00135381 -0.00877943 -0.00188102 0.00216731 -0.000850714 -0.000128421 -0.00168809 0.000822755 0.000683142 0.00197864 -0.0001117 0.000590238 -0.000333818 0.00314646 -0.000992638
internal_weight=833334 564356 521850 476299 471239 268978 160766 45551 5060 295345 108212 159817 175894 74316 22592 42506 949 150711 18766 144509 150836 114068 141051 119470 74108 22959 112898 108522 33896 123252
internal_count=833334 564356 521850 476299 471239 268978 160766 45551 5060 295345 108212 159817 175894 74316 22592 42506 949 150711 18766 144509 150836 114068 141051 119470 74108 22959 112898 108522 33896 123252
is_linear=0
shrinkage=0.01


Tree=52
num_leaves=31
num_cat=0
split_feature=13 5 12 13 13 13 38 12 13 35 2 28 21 38 2 33 13 28 32 14 34 13 12 32 0 30 28 35 38 28
split_gain=8610.32 1969.27 6001.18 1582.21 2024.77 924.979 603.63 572.328 571.476 459.156 327.395 214.709 215.261 206.133 206.064 205.504 200.256 181.001 162.025 158.424 157.795 156.449 147.517 146.596 146.209 153.84 139.21 135.139 134.341 133.919
threshold=1.8313807399640976 1.0000000180025095e-35 1.0000000180025095e-35 1.3773797357772766 1.0000000180025095e-35 2.377182230124077 1.0000000180025095e-35 1.0000000180025095e-35 1.0041184254615352 1.0000000180025095e-35 1.0000000180025095e-35 1.7233913985289542 12.500000000000002 1.0000000180025095e-35 1.0000000180025095e-35 1.0000000180025095e-35 2.0493044451851294 1.606333092449477 1.0000000180025095e-35 1.0000000180025095e-35 1.0000000180025095e-35 2.7904593368717907 1.0000000180025095e-35 -1.0000000180025095e-35 0.60355339059327384 0.64910156193684598 1.0000000180025095e-35 1.0000000180025095e-35 1.0000000180025095e-35 1.3948823706269662
decision_type=2 2 2 2 2 2 2 2 2 2 2 2 2 2 2 2 2 2 2 2 2 2 2 2 2 8 2 2 2 2
left_child=1 2 3 4 -1 7 15 10 17 29 13 12 -5 -2 -10 20 -12 18 -6 26 24 22 -7 -16 -3 -26 -14 -9 -11 -4
right_child=5 6 9 11 8 21 -8 27 14 28 16 -13 19 -15 23 -17 -18 -19 -20 -21 -22 -23 -24 -25 25 -27 -28 -29 -30 -31
leaf_value=0.0017662499246836839 0.0037421822377643062 0.0025495641193376572 -0.0098684187841164648 -0.00067209206796070033 -0.0016681476256612427 0.0026879233959779003 0.00015912013069281782 -0.0047402013651512108 0.00010908169587327771 -0.017834428577588227 0.00083703837134702509 0.0014760502079312918 0.0015898588091582911 0.001714868234559808 -0.00087885321911469803 -0.00045333121181587833 0.0015514748323337195 -8.9567995212314693e-06 -0.0024612945822479046 0.0006207126999452664 -0.00058918854897790874 0.0043483418127584399 -0.0072133908363133173 -0.0016127720155014701 0.007664336787495854 0.0012195320713778086 -0.00017313329760354162 -0.014595531509463897 -0.012056433450710582 -0.0036544174145205651
leaf_weight=22620 8397 20704 3497 47860 105254 43093 26929 362 16998 1003 77741 9198 4673 12454 115115 2478 79207 5477 34100 41860 1481 6230 151 35643 1156 545 107825 226 672 385
leaf_count=22620 8397 20704 3497 47860 105254 43093 26929 362 16998 1003 77741 9198 4673 12454 115115 2478 79207 5477 34100 41860 1481 6230 151 35643 1156 545 107825 226 672 385
internal_value=-1.78516e-12 -0.000623574 -0.000800748 -0.000695635 -0.0011229 0.00165696 0.00121216 0.00132143 -0.00133197 -0.0111403 0.001354 -1.81882e-05 -8.61544e-05 0.0025313 -0.000934685 0.00228777 0.00119759 -0.00179215 -0.00186223 9.55205e-05 0.00257214 0.00286679 0.00265335 -0.00105237 0.00278111 0.00559942 -9.99012e-05 -0.00852813 -0.0155163 -0.00925214
internal_weight=833334 605473 552180 546623 335207 227861 53293 178387 312587 5557 177799 211416 202218 20851 167756 26364 156948 144831 139354 154358 23886 49474 43244 150758 22405 1701 112498 588 1675 3882
internal_count=833334 605473 552180 546623 335207 227861 53293 178387 312587 5557 177799 211416 202218 20851 167756 26364 156948 144831 139354 154358 23886 49474 43244 150758 22405 1701 112498 588 1675 3882
is_linear=0
shrinkage=0.01


Tree=53
num_leaves=31
num_cat=0
split_feature=13 28 5 12 12 13 13 38 35 2 28 5 2 28 32 13 38 14 13 38 13 21 14 28 28 29 13 35 33 13
split_gain=8442.22 1893.33 1649.16 4802.61 1586.29 1540.64 1246.44 553.243 429.252 393.222 348.429 310.812 243.509 236.403 233.359 231.317 218.104 204.566 199.451 189.619 188.43 167.847 152.605 147.293 144.258 154.884 138.627 138.29 134.814 133.086
threshold=1.7196367007211772 1.0000000180025095e-35 1.0000000180025095e-35 1.0000000180025095e-35 1.0000000180025095e-35 1.0941021191754861 2.2392724853635406 1.0000000180025095e-35 1.0000000180025095e-35 1.0000000180025095e-35 1.1440341707935231 1.0000000180025095e-35 1.0000000180025095e-35 1.1967971091642235 -1.0000000180025095e-35 1.9333313642324415 1.0000000180025095e-35 1.0000000180025095e-35 1.1633070353967037 1.0000000180025095e-35 0.2307147380127984 12.500000000000002 1.0000000180025095e-35 1.7233913985289542 1.606333092449477 1.0000000180025095e-35 2.5413657419861835 1.0000000180025095e-35 1.0000000180025095e-35 1.4561701692373348
decision_type=2 2 2 2 2 2 2 2 2 2 2 2 2 2 2 2 2 2 2 2 2 2 2 2 2 2 2 2 2 2
left_child=1 20 3 5 6 13 9 18 -5 16 14 27 19 21 17 -11 28 29 -4 -8 -1 -3 -23 -12 25 -9 -14 -6 -2 -7
right_child=4 2 7 8 11 10 12 24 -10 15 23 -13 26 -15 -16 -17 -18 -19 -20 -21 -22 22 -24 -25 -26 -27 -28 -29 -30 -31
leaf_value=0.0018681411625522603 0.003991552117774343 -0.0024342701936187088 0.00082690121437247366 -0.0090553133397914959 -0.0074858150516025805 -0.0010379848646152122 0.0053024657296237253 -0.00065609586600178784 -0.015540373881562018 0.00050688078737003508 -7.5315209124033445e-05 0.006354639134269288 0.0020083435892845197 -0.00079875757671943055 -0.0012923838366550317 0.0012333803214839079 0.0014784303963384694 2.3479317584078915e-06 0.0027983206458815336 0.0027184910201446433 0.00049987006601436067 -0.0019414363700411383 -0.0011870940141053088 0.0012111735201863307 0.0017989716206692334 0.0043069530545153398 0.0029951697983976139 -0.014083105204976029 0.00078295644246591202 -0.00035198317404033064
leaf_weight=25252 7744 36643 8100 3185 1209 67761 5113 18435 1502 84690 55423 139 48912 25183 50679 90831 14136 52097 14005 6388 16735 70954 43114 10602 3228 651 20079 431 1576 48537
leaf_count=25252 7744 36643 8100 3185 1209 67761 5113 18435 1502 84690 55423 139 48912 25183 50679 90831 14136 52097 14005 6388 16735 70954 43114 10602 3228 651 20079 431 1576 48537
internal_value=-1.02768e-12 -0.00071839 -0.000886402 -0.00106201 0.00141019 -0.000959611 0.00147011 0.00095464 -0.0111335 0.00104535 -0.000505533 -0.00800274 0.00252012 -0.00169561 -0.000697452 0.00088284 0.00226141 -0.000518405 0.00207593 0.00386725 0.00132278 -0.00184547 -0.00165632 0.000131263 -0.000156145 -0.000486812 0.00229555 -0.00921962 0.00344898 -0.000751682
internal_weight=833334 552086 510099 465680 281248 460993 279469 44419 4687 198977 285099 1779 80492 175894 219074 175521 23456 168395 22105 11501 41987 150711 114068 66025 22314 19086 68991 1640 9320 116298
internal_count=833334 552086 510099 465680 281248 460993 279469 44419 4687 198977 285099 1779 80492 175894 219074 175521 23456 168395 22105 11501 41987 150711 114068 66025 22314 19086 68991 1640 9320 116298
is_linear=0
shrinkage=0.01


Tree=54
num_leaves=31
num_cat=0
split_feature=13 5 12 13 30 13 38 12 13 35 2 23 33 38 28 2 13 14 28 5 2 34 28 0 14 28 12 28 28 28
split_gain=8274.58 1893.53 5767.53 1527.18 1976.87 890.787 580.334 526.677 498.534 440.486 306.041 221.481 200.842 191.899 191.771 186.879 182.326 176.667 175.725 161.721 159.539 154.527 145.416 143.282 151.679 133.02 132.524 131.23 130.9 156.496
threshold=1.8313807399640976 1.0000000180025095e-35 1.0000000180025095e-35 1.3536420205049211 inf 2.3616555654603211 1.0000000180025095e-35 1.0000000180025095e-35 1.0041184254615352 1.0000000180025095e-35 1.0000000180025095e-35 1.0000000180025095e-35 1.0000000180025095e-35 1.0000000180025095e-35 1.7233913985289542 1.0000000180025095e-35 2.0493044451851294 1.0000000180025095e-35 1.606333092449477 1.0000000180025095e-35 1.0000000180025095e-35 1.0000000180025095e-35 1.0000000180025095e-35 0.60355339059327384 1.0000000180025095e-35 1.2396777184720602 1.0000000180025095e-35 1.3948823706269662 1.6700625298214697 0.061565245139631762
decision_type=2 2 2 2 8 2 2 2 2 2 2 2 2 2 2 2 2 2 2 2 2 2 2 2 2 2 2 2 2 2
left_child=1 2 3 4 8 7 12 10 18 27 13 14 21 -2 17 -10 -12 22 20 26 -1 23 -5 -3 -25 -11 -7 -4 29 -8
right_child=5 6 9 11 -6 19 28 -9 15 25 16 -13 -14 -15 -16 -17 -18 -19 -20 -21 -22 -23 -24 24 -26 -27 -28 -29 -30 -31
leaf_value=-0.0010636493653558121 0.00364487458404313 0.0025021432130531945 -0.0096819827603807414 0.0014698861328832663 0.0017299955820613336 0.0025768474609549723 0.0019438787002461608 -0.0082315969108603896 8.2406912245909966e-05 -0.017045744763568359 0.00081994848400838418 -0.00075199747167902984 -0.0004663904858027354 0.0016693449692215115 0.0016282219260525563 -0.0010599658034562615 0.001507615322384929 0.00053771909472263043 -8.7966524508489859e-07 0.0041318075774785671 -0.001976931801930946 -0.00060385922382612115 -0.0002353665299600593 0.0021142990272069988 0.0081385703971472729 -0.010887436170950534 -0.0055813956520520151 -0.0035307036880645659 0.0020857541673150546 -0.00041780115216375136
leaf_weight=22886 8216 20704 3497 5211 22620 44944 3249 580 15951 1175 77741 37025 2478 12246 7814 140055 76493 49182 5477 7441 116468 1481 123934 739 962 500 200 385 3110 20570
leaf_count=22886 8216 20704 3497 5211 22620 44944 3249 580 15951 1175 77741 37025 2478 12246 7814 140055 76493 49182 5477 7441 116468 1481 123934 739 962 500 200 385 3110 20570
internal_value=8.80294e-13 -0.000611295 -0.000785028 -0.000681983 -0.00112102 0.00162434 0.00118879 0.00128187 -0.00133539 -0.0109213 0.00131345 -4.56343e-05 0.00224344 0.00246257 9.48673e-05 -0.000943163 0.001161 2.76782e-05 -0.00175789 0.00276585 -0.00182694 0.00252457 -0.00016656 0.00273136 0.00552132 -0.0152074 0.0025407 -0.00907193 0.00015627 -9.56593e-05
internal_weight=833334 605473 552180 546623 323457 227861 53293 175276 300837 5557 174696 223166 26364 20462 186141 156006 154234 178327 144831 52585 139354 23886 129145 22405 1701 1675 45144 3882 26929 23819
internal_count=833334 605473 552180 546623 323457 227861 53293 175276 300837 5557 174696 223166 26364 20462 186141 156006 154234 178327 144831 52585 139354 23886 129145 22405 1701 1675 45144 3882 26929 23819
is_linear=0
shrinkage=0.01


Tree=55
num_leaves=31
num_cat=0
split_feature=13 28 5 12 12 13 13 38 35 2 28 5 2 28 14 13 38 13 38 13 14 13 28 28 29 35 13 33 34 31
split_gain=8121.37 1825.38 1582.29 4612.11 1523.58 1480.54 1197.46 531.313 412.623 378.747 340.236 300.75 234.49 230.117 226.856 221.623 209.738 195.046 185.02 179.52 167.217 153.895 149.725 138.962 151.902 134.647 134.369 131.486 128.949 119.867
threshold=1.7196367007211772 1.0000000180025095e-35 1.0000000180025095e-35 1.0000000180025095e-35 1.0000000180025095e-35 1.0941021191754861 2.2392724853635406 1.0000000180025095e-35 1.0000000180025095e-35 1.0000000180025095e-35 1.1070763534244847 1.0000000180025095e-35 1.0000000180025095e-35 1.1440341707935231 1.0000000180025095e-35 1.948834438036416 1.0000000180025095e-35 1.1633070353967037 1.0000000180025095e-35 0.2307147380127984 1.0000000180025095e-35 1.4561701692373348 1.7233913985289542 1.606333092449477 1.0000000180025095e-35 1.0000000180025095e-35 2.5413657419861835 1.0000000180025095e-35 1.0000000180025095e-35 1.0000000180025095e-35
decision_type=2 2 2 2 2 2 2 2 2 2 2 2 2 2 2 2 2 2 2 2 2 2 2 2 2 2 2 2 2 2
left_child=1 19 3 5 6 13 9 17 29 16 14 25 18 20 21 -11 27 -4 -8 -1 -3 -7 -12 24 -9 -6 -14 28 -2 -5
right_child=4 2 7 8 11 10 12 23 -10 15 22 -13 26 -15 -16 -17 -18 -19 -20 -21 -22 -23 -24 -25 -26 -27 -28 -29 -30 -31
leaf_value=0.0018319095877145379 0.0044001892452558431 -0.0020941579055273607 0.00079743326802718568 -0.0092230487596660603 -0.0073280774151738438 -0.0011957637548362574 0.0052106817236680838 -0.00064698131302742324 -0.015231978954894893 0.00052086021399273493 -9.2151147516332814e-05 0.0062812104013165553 0.0019678970954248864 -0.00085623384916632382 -0.00021884874086748854 0.0012318375483771182 0.001451178084180265 0.0027469648258327058 0.0026582362284529371 0.00049638203702395429 -0.0014007845498442519 -0.00053556441026129942 0.0011942416596814436 0.0017640952968903873 0.0042680614891987059 -0.013837897942386344 0.0029394496325853034 0.00075065095963269455 0.0004560612539954506 0.0019013814501464366
leaf_weight=25252 6800 89584 8100 3085 1209 84609 5113 18435 1502 90307 61724 139 48912 29454 67569 85214 14136 14005 6388 16735 56856 60595 10602 3228 651 431 20079 1576 944 100
leaf_count=25252 6800 89584 8100 3085 1209 84609 5113 18435 1502 90307 61724 139 48912 29454 67569 85214 14136 14005 6388 16735 56856 60595 10602 3228 651 431 20079 1576 944 100
internal_value=2.1538e-13 -0.000704606 -0.000869575 -0.00104159 0.00138313 -0.000941239 0.00144186 0.000933753 -0.0109113 0.00102552 -0.000496104 -0.00784187 0.00247103 -0.00166274 -0.000697515 0.000866034 0.00221899 0.00203259 0.00379298 0.0012996 -0.00182495 -0.000920256 9.64164e-05 -0.000154795 -0.000479335 -0.00903889 0.00225066 0.00338357 0.0039194 -0.00887377
internal_weight=833334 552086 510099 465680 281248 460993 279469 44419 4687 198977 285099 1779 80492 175894 212773 175521 23456 22105 11501 41987 146440 145204 72326 22314 19086 1640 68991 9320 7744 3185
internal_count=833334 552086 510099 465680 281248 460993 279469 44419 4687 198977 285099 1779 80492 175894 212773 175521 23456 22105 11501 41987 146440 145204 72326 22314 19086 1640 68991 9320 7744 3185
is_linear=0
shrinkage=0.01


Tree=56
num_leaves=31
num_cat=0
split_feature=13 28 5 12 12 13 13 38 35 2 28 5 13 32 28 14 13 38 23 13 28 30 14 14 2 28 28 29 38 35
split_gain=7959.75 1789.05 1550.8 4520.33 1493.26 1451.08 1174.89 520.74 404.412 338.295 333.469 294.765 271.435 227.073 227.065 194.757 191.28 184.287 178.73 175.947 172.59 198.623 164.436 152.938 145.169 139.371 136.197 148.879 135.204 131.968
threshold=1.7196367007211772 1.0000000180025095e-35 1.0000000180025095e-35 1.0000000180025095e-35 1.0000000180025095e-35 1.0941021191754861 2.1840830473287376 1.0000000180025095e-35 1.0000000180025095e-35 1.0000000180025095e-35 1.1440341707935231 1.0000000180025095e-35 2.6322844446813778 -1.0000000180025095e-35 1.4557038056921707 1.0000000180025095e-35 1.1080674338101517 1.0000000180025095e-35 1.0000000180025095e-35 0.2307147380127984 1.4349654634956897 1.0000000180025095e-35 1.0000000180025095e-35 1.0000000180025095e-35 1.0000000180025095e-35 1.7233913985289542 1.606333092449477 1.0000000180025095e-35 1.0000000180025095e-35 1.0000000180025095e-35
decision_type=2 2 2 2 2 2 2 2 2 2 2 2 2 2 2 2 2 2 2 2 2 8 2 2 2 2 2 2 2 2
left_child=1 19 3 5 6 14 9 16 -5 17 13 29 24 15 18 -7 -4 -2 23 -1 21 -11 -23 -3 28 -12 27 -9 -8 -6
right_child=4 2 7 8 11 10 12 26 -10 20 25 -13 -14 -15 -16 -17 -18 -19 -20 -21 -22 22 -24 -25 -26 -27 -28 -29 -30 -31
leaf_value=0.0018135905876234123 0.0032752439755892346 -0.0018444635947536935 0.00069386372026362497 -0.0087850354038828803 -0.0072547966703427145 -0.00072989425594692763 0.0045408775216887552 -0.00064051149461051993 -0.01507965929910053 0.0022363476740622839 -6.9114047040449541e-05 0.0062183983115774158 0.0035429209680675252 -0.0012657618529851773 -0.00026885783279177164 5.8365774272386089e-06 0.0026686088660288721 0.0013879210887451912 -0.0024562413773580503 0.00049141823633138976 0.0015564746507709946 0.00035734844731486333 0.0011708484750451709 -0.0011490764167051515 0.0019293739040575309 0.0011822992470563085 0.0017464543572808988 0.0042253808334656489 0.0022253011056484421 -0.013699518921255651
leaf_weight=25252 8555 85873 7347 3185 1209 116298 4349 18435 1502 7566 55423 139 15384 50679 11208 52097 14758 13090 28746 16735 25593 95387 33600 50067 69944 10602 3228 651 6001 431
leaf_count=25252 8555 85873 7347 3185 1209 116298 4349 18435 1502 7566 55423 139 15384 50679 11208 52097 14758 13090 28746 16735 25593 95387 33600 50067 69944 10602 3228 651 6001 431
internal_value=3.09797e-12 -0.00069756 -0.00086088 -0.00103117 0.0013693 -0.000931826 0.00142744 0.000924415 -0.0108022 0.00095962 -0.000491143 -0.00776345 0.00232608 -0.000678897 -0.00164611 -0.000502278 0.00201227 0.00213387 -0.00173984 0.0012866 0.000802869 0.000661627 0.000569258 -0.00158835 0.00209294 0.000131832 -0.000153247 -0.000474542 0.00319829 -0.0089485
internal_weight=833334 552086 510099 465680 281248 460993 279469 44419 4687 183791 285099 1779 95678 219074 175894 168395 22105 21645 164686 41987 162146 136553 128987 135940 80294 66025 22314 19086 10350 1640
internal_count=833334 552086 510099 465680 281248 460993 279469 44419 4687 183791 285099 1779 95678 219074 175894 168395 22105 21645 164686 41987 162146 136553 128987 135940 80294 66025 22314 19086 10350 1640
is_linear=0
shrinkage=0.01


Tree=57
num_leaves=31
num_cat=0
split_feature=13 5 12 13 13 13 38 13 12 35 2 23 2 33 38 28 28 28 28 28 14 2 14 34 13 32 0 14 12 28
split_gain=7804.99 1789.8 5459.24 1511.53 1825.02 804.668 551.483 528.651 508.675 416.986 289.096 206.315 203.227 199.259 181.02 175.359 168.668 167.709 166.428 185.227 165.277 158.031 156.969 153.162 149.053 142.713 138.556 149.143 132.402 132.273
threshold=1.8456950997765298 1.0000000180025095e-35 1.0000000180025095e-35 1.383415212511431 1.0000000180025095e-35 2.377182230124077 1.0000000180025095e-35 1.0041184254615352 1.0000000180025095e-35 1.0000000180025095e-35 1.0000000180025095e-35 1.0000000180025095e-35 1.0000000180025095e-35 1.0000000180025095e-35 1.0000000180025095e-35 1.5643359330496931 1.6525931781614815 1.0000000180025095e-35 1.5915793889509746 1.0000000180025095e-35 1.0000000180025095e-35 1.0000000180025095e-35 1.0000000180025095e-35 1.0000000180025095e-35 2.7904593368717907 -1.0000000180025095e-35 0.60355339059327384 1.0000000180025095e-35 1.0000000180025095e-35 1.3948823706269662
decision_type=2 2 2 2 2 2 2 2 2 2 2 2 2 2 2 2 2 2 2 2 2 2 2 2 2 2 2 2 2 2
left_child=1 2 3 4 -1 8 13 16 10 29 14 15 -9 23 -2 17 21 -5 19 -12 -19 -6 -21 26 28 -14 -3 -28 -7 -4
right_child=5 6 9 11 7 24 -8 12 -10 -11 18 -13 25 -15 -16 -17 -18 20 -20 22 -22 -23 -24 -25 -26 -27 27 -29 -30 -31
leaf_value=0.0016764135913216874 0.0035967077373832263 0.0024440988135537847 -0.0094136842992675034 0.0015243093426449486 -0.0010128026376675114 0.0025570108675330499 0.00016007971696945314 0.00014182468420154891 -0.0081958841170012581 -0.014754138543906175 0.0025774989217593664 -0.00068987568732732706 -0.00083299115192984148 -0.00050194653565611687 0.001661590306068187 0.0012311213807356352 0.00016568601230504472 -0.00021427581480776544 0.0020952664115470934 0.00075596266927424247 0.00051091085955723154 -0.0019193522410683381 0.001570470099228992 -0.00063063367405505495 0.0041787012745376929 -0.0015509138188090086 0.0020469095956834171 0.0080056449905717749 -0.0068233217361895063 -0.0032954983544505128
leaf_weight=22620 8118 20870 3504 7411 23004 43093 27311 17259 564 1682 7482 35534 117109 2503 11950 13710 4648 114342 17130 95244 43340 117179 31481 1501 6230 36263 745 963 151 393
leaf_count=22620 8118 20870 3504 7411 23004 43093 27311 17259 564 1682 7482 35534 117109 2503 11950 13710 4648 114342 17130 95244 43340 117179 31481 1501 6230 36263 745 963 151 393
internal_value=1.10555e-12 -0.000582198 -0.000750277 -0.000650876 -0.00106737 0.00160873 0.00115807 -0.00126411 0.0012854 -0.0105928 0.0013166 6.08126e-06 -0.000886965 0.00218342 0.00244439 0.000144391 -0.00170845 5.41441e-05 0.00116705 0.00104857 -1.49532e-05 -0.00177059 0.000958302 0.00246257 0.00273259 -0.00100274 0.0026682 0.00540655 0.00252426 -0.00879668
internal_weight=833334 611891 557998 552419 338082 221443 53893 315462 171969 5579 171405 214337 170631 26582 20068 178803 144831 165093 151337 134207 157682 140183 126725 24079 49474 153372 22578 1708 43244 3897
internal_count=833334 611891 557998 552419 338082 221443 53893 315462 171969 5579 171405 214337 170631 26582 20068 178803 144831 165093 151337 134207 157682 140183 126725 24079 49474 153372 22578 1708 43244 3897
is_linear=0
shrinkage=0.01


Tree=58
num_leaves=31
num_cat=0
split_feature=13 28 5 12 12 13 13 38 35 2 28 5 2 28 14 38 13 38 13 14 13 13 13 2 13 35 13 28 31 33
split_gain=7657.27 1725.52 1486.66 4341.29 1434.12 1394.89 1131.99 500.71 388.868 326.232 312.996 285.064 262.785 234.288 209.971 197.902 187.211 177.214 168.763 167.983 167.858 166.938 137.682 136.117 134.481 128.197 122.625 118.233 117.462 121.513
threshold=1.7196367007211772 1.0000000180025095e-35 1.0000000180025095e-35 1.0000000180025095e-35 1.0000000180025095e-35 1.1153054981769268 2.1840830473287376 1.0000000180025095e-35 1.0000000180025095e-35 1.0000000180025095e-35 1.1070763534244847 1.0000000180025095e-35 1.0000000180025095e-35 1.1440341707935231 1.0000000180025095e-35 1.0000000180025095e-35 1.1633070353967037 1.0000000180025095e-35 2.46915829192403 1.0000000180025095e-35 0.2307147380127984 1.9183186933311254 1.4561701692373348 1.0000000180025095e-35 1.1357474824356391 1.0000000180025095e-35 0.70086727280388439 1.2396777184720602 1.0000000180025095e-35 1.0000000180025095e-35
decision_type=2 2 2 2 2 2 2 2 2 2 2 2 2 2 2 2 2 2 2 2 2 2 2 2 2 2 2 2 2 2
left_child=1 20 3 5 6 13 9 16 28 17 14 25 15 19 22 -8 -4 -2 -14 26 -1 -11 -7 -12 -9 -6 -3 -10 29 -5
right_child=4 2 7 8 11 10 12 24 27 21 23 -13 18 -15 -16 -17 -18 -19 -20 -21 -22 -23 -24 -25 -26 -27 -28 -29 -30 -31
leaf_value=0.0017791693527621545 0.0032131882321663518 -0.002605359354574266 0.00076004684154786558 -0.0071935464292621678 -0.0071030861080367651 -0.0011503400242309175 0.0049568903247111688 -0.0011178864236454451 -0.016546677486472469 0.00045848637861598424 0.0014682426476381918 0.0061428008556178365 0.0017458655266893808 -0.00079631766684848783 -0.0001920275319147145 0.0025015023056212493 0.0026700172264995949 0.0013624386411819059 0.0027008101013359111 -0.0013308602254108104 0.00048774877563741533 0.0011003914772107302 -0.00051879063050974444 -3.159379079332919e-05 0.00047149780812990395 -0.013455073043829362 -0.0017914074523494462 -0.01032234647975876 0.0020576248679310084 -0.011191233792578675
leaf_weight=25252 8555 25323 8100 1726 1209 80216 5878 8772 1076 79194 6685 139 54288 31134 65164 7434 14005 13090 28078 59292 16735 82952 60595 63800 13542 431 68784 426 100 1359
leaf_count=25252 8555 25323 8100 1726 1209 80216 5878 8772 1076 79194 6685 139 54288 31134 65164 7434 14005 13090 28078 59292 16735 82952 60595 63800 13542 431 68784 426 100 1359
internal_value=-7.10064e-13 -0.000684178 -0.000844571 -0.0010113 0.00134303 -0.000913947 0.0014 0.000903417 -0.0105869 0.000940809 -0.000464536 -0.00760704 0.00228209 -0.00158724 -0.000661367 0.00358569 0.00197014 0.00209393 0.0020714 -0.00174776 0.00126444 0.000786878 -0.000878566 0.000110655 -0.000153315 -0.00877242 -0.00201043 -0.0147813 -0.00860885 -0.0089546
internal_weight=833334 552086 510099 465680 281248 460993 279469 44419 4687 183791 276460 1779 95678 184533 205975 13312 22105 21645 82366 153399 41987 162146 140811 70485 22314 1640 94107 1502 3185 3085
internal_count=833334 552086 510099 465680 281248 460993 279469 44419 4687 183791 276460 1779 95678 184533 205975 13312 22105 21645 82366 153399 41987 162146 140811 70485 22314 1640 94107 1502 3185 3085
is_linear=0
shrinkage=0.01


Tree=59
num_leaves=31
num_cat=0
split_feature=13 28 5 12 12 13 13 38 35 2 28 5 2 28 21 13 38 14 13 38 13 13 28 28 29 33 40 34 35 13
split_gain=7504.9 1691.18 1457.08 4254.9 1405.58 1367.86 1110.38 490.745 381.13 350.688 319.154 279.391 220.505 217.768 214.283 207.839 193.65 187.869 183.911 174.385 164.518 164.477 142.418 133.403 145.519 128.15 126.518 125.908 125.646 123.801
threshold=1.7196367007211772 1.0000000180025095e-35 1.0000000180025095e-35 1.0000000180025095e-35 1.0000000180025095e-35 1.0941021191754861 2.2392724853635406 1.0000000180025095e-35 1.0000000180025095e-35 1.0000000180025095e-35 1.1070763534244847 1.0000000180025095e-35 1.0000000180025095e-35 1.2465287927511752 12.500000000000002 1.948834438036416 1.0000000180025095e-35 1.0000000180025095e-35 1.329327096723335 1.0000000180025095e-35 0.2307147380127984 0.65570485140408163 1.7233913985289542 1.606333092449477 1.0000000180025095e-35 1.0000000180025095e-35 1.0000000180025095e-35 1.0000000180025095e-35 1.0000000180025095e-35 2.4919236388399364
decision_type=2 2 2 2 2 2 2 2 2 2 2 2 2 2 2 2 2 2 2 2 2 2 2 2 2 2 2 2 2 2
left_child=1 20 3 5 6 13 9 18 -5 16 14 28 19 21 -7 -11 25 -16 -4 -8 -1 -3 -12 24 -9 27 -23 -2 -6 -14
right_child=4 2 7 8 11 10 12 23 -10 15 22 -13 29 -15 17 -17 -18 -19 -20 -21 -22 26 -24 -25 -26 -27 -28 -29 -30 -31
leaf_value=0.0017613777056115713 0.0042566045892942547 -0.0022927995452590852 0.00098924654869816963 -0.0085227607979882925 -0.0070320552037035121 -0.0012510340068951431 0.0050353283786185674 -0.00063384992321266389 -0.014633508047579444 0.00049736126242110642 -8.6986909879929644e-05 0.0060813728524974995 0.0018401325915433221 -0.00065935427736705534 -0.00072642785002731273 0.0011858730376200193 0.0013957261520790348 4.7506104407370081e-06 0.0028160177265675575 0.0025573263125652714 0.00048287126178421486 -0.0013986230881435338 0.0011676221221740154 0.0017283313974143855 0.0041768112914937518 0.00065322464247701603 -0.0023128890213152844 0.00035926369284317256 -0.013320522314707886 0.0027185357510609528
leaf_weight=25252 6800 38865 10474 3185 1209 49151 5113 18435 1502 90307 61724 139 43605 21659 112524 85214 14136 51098 11631 6388 16735 97451 10602 3228 651 1576 17919 944 431 25386
leaf_count=25252 6800 38865 10474 3185 1209 49151 5113 18435 1502 90307 61724 139 43605 21659 112524 85214 14136 51098 11631 6388 16735 97451 10602 3228 651 1576 17919 944 431 25386
internal_value=1.83328e-12 -0.000677336 -0.000836126 -0.00100119 0.0013296 -0.000904808 0.001386 0.000894383 -0.010481 0.000985097 -0.000476948 -0.00753097 0.00237705 -0.00159831 -0.000672019 0.000831628 0.00213351 -0.000498086 0.00195044 0.00365897 0.0012518 -0.00173016 9.69216e-05 -0.000151782 -0.000469764 0.00325253 -0.00154062 0.00378152 -0.0086847 0.00216335
internal_weight=833334 552086 510099 465680 281248 460993 279469 44419 4687 198977 285099 1779 80492 175894 212773 175521 23456 163622 22105 11501 41987 154235 72326 22314 19086 9320 115370 7744 1640 68991
internal_count=833334 552086 510099 465680 281248 460993 279469 44419 4687 198977 285099 1779 80492 175894 212773 175521 23456 163622 22105 11501 41987 154235 72326 22314 19086 9320 115370 7744 1640 68991
is_linear=0
shrinkage=0.01


Tree=60
num_leaves=31
num_cat=0
split_feature=13 5 12 13 13 13 38 13 12 35 2 23 2 33 28 38 2 28 14 28 28 34 14 13 32 0 14 38 28 13
split_gain=7356.04 1692.84 5157.8 1463.77 1718.76 743.502 521.697 496.747 465.674 393.405 266.132 201.292 197.833 197.18 173.057 167.977 165.407 163.242 162.944 157.02 179.526 151.789 148.525 144.599 138.308 136.365 147.489 131.853 127.723 125.338
threshold=1.8526193544105245 1.0000000180025095e-35 1.0000000180025095e-35 1.383415212511431 1.0000000180025095e-35 2.377182230124077 1.0000000180025095e-35 1.0041184254615352 1.0000000180025095e-35 1.0000000180025095e-35 1.0000000180025095e-35 1.0000000180025095e-35 1.0000000180025095e-35 1.0000000180025095e-35 1.5643359330496931 1.0000000180025095e-35 1.0000000180025095e-35 1.0000000180025095e-35 1.0000000180025095e-35 1.5915793889509746 1.0000000180025095e-35 1.0000000180025095e-35 1.0000000180025095e-35 2.7904593368717907 -1.0000000180025095e-35 0.60355339059327384 1.0000000180025095e-35 1.0000000180025095e-35 1.3948823706269662 0.62299288467958924
decision_type=2 2 2 2 2 2 2 2 2 2 2 2 2 2 2 2 2 2 2 2 2 2 2 2 2 2 2 2 2 2
left_child=1 2 3 4 -1 8 13 16 10 28 15 14 -9 21 17 -2 -6 -5 -19 20 -12 25 -22 -7 -14 -3 -27 -11 -4 -18
right_child=5 6 9 11 7 23 -8 12 -10 27 19 -13 24 -15 -16 -17 29 18 -20 -21 22 -23 -24 -25 -26 26 -28 -29 -30 -31
leaf_value=0.0016244329023920358 0.00350052795794295 0.0023843847494087432 -0.0091447083258889977 0.0015000226518974882 -0.00089399806395919982 0.0024492503522818556 0.0001614310465972927 0.00015143034338822986 -0.0079092278111510088 -0.016606835771381591 0.0025470285933497749 -0.00066963728177012671 -0.0008107338148590149 -0.00054041394953758073 0.0012207879616957748 0.0016201843972849027 -0.0023658903907416372 -0.00020388303404593876 0.00051193315098616628 0.0020531899683589785 0.00074117848161737781 -0.00066812157146741574 0.0015406490866024026 0.0040787844929368018 -0.0015174904035622238 0.0019766817285961774 0.0078933601515508451 -0.010904632513589916 -0.003160241153789098 -0.001623369010471413
leaf_weight=22620 7991 20938 3507 7523 23601 43244 27494 17259 552 1009 7361 35934 117109 2515 13925 11717 30313 115820 43837 16908 93528 1510 30920 6230 36263 746 968 678 397 90917
leaf_count=22620 7991 20938 3507 7523 23601 43244 27494 17259 552 1009 7361 35934 117109 2515 13925 11717 30313 115820 43837 16908 93528 1510 30920 6230 36263 746 968 678 397 90917
internal_value=1.95012e-13 -0.000560007 -0.000723096 -0.000626843 -0.00103828 0.00157627 0.00112809 -0.00122921 0.0012606 -0.0102799 0.00129065 1.40494e-05 -0.000863615 0.00212436 0.000149703 0.00238261 -0.00165992 6.0489e-05 -7.34148e-06 0.00114595 0.00102957 0.00240174 0.000939813 0.00265445 -0.000977838 0.00260638 0.00531819 -0.0143151 -0.00853614 -0.00180903
internal_weight=833334 614883 560712 555121 338082 218451 54171 315462 168977 5591 168425 217039 170631 26677 181105 19708 144831 167180 159657 148717 131809 24162 124448 49474 153372 22652 1714 1687 3904 121230
internal_count=833334 614883 560712 555121 338082 218451 54171 315462 168977 5591 168425 217039 170631 26677 181105 19708 144831 167180 159657 148717 131809 24162 124448 49474 153372 22652 1714 1687 3904 121230
is_linear=0
shrinkage=0.01


Tree=61
num_leaves=31
num_cat=0
split_feature=13 28 5 12 12 13 13 38 35 2 28 13 5 28 14 13 13 38 13 28 28 14 40 2 13 32 28 35 31 33
split_gain=7219.99 1631.06 1396.69 4085.99 1352.63 1316.52 1070.45 471.871 366.346 291.052 278.02 274.3 270.555 246.911 195.438 180.622 174.096 161.382 157.007 154.273 176.73 145.346 138.198 137.873 131.329 128.839 124.075 122.11 115.104 118.876
threshold=1.7196367007211772 1.0000000180025095e-35 1.0000000180025095e-35 1.0000000180025095e-35 1.0000000180025095e-35 1.1424696590093568 2.1529823870768343 1.0000000180025095e-35 1.0000000180025095e-35 1.0000000180025095e-35 1.1070763534244847 2.568366588257883 1.0000000180025095e-35 1.1440341707935231 1.0000000180025095e-35 1.1080674338101517 0.68587073988106739 1.0000000180025095e-35 0.2307147380127984 1.4349654634956897 1.0000000180025095e-35 1.0000000180025095e-35 1.0000000180025095e-35 1.0000000180025095e-35 1.1357474824356391 -0.37940952255126065 1.7233913985289542 1.0000000180025095e-35 1.0000000180025095e-35 1.0000000180025095e-35
decision_type=2 2 2 2 2 2 2 2 2 2 2 2 2 2 2 2 2 2 2 2 2 2 2 2 2 2 2 2 2 2
left_child=1 18 3 5 6 13 9 15 28 17 14 23 27 16 25 -4 -3 -2 -1 20 -11 -22 -18 -8 -9 -7 -12 -6 29 -5
right_child=4 2 7 8 12 10 11 24 -10 19 26 -13 -14 -15 -16 -17 22 -19 -20 -21 21 -23 -24 -25 -26 -27 -28 -29 -30 -31
leaf_value=0.0017279881939415798 0.0030921296766941299 -0.0022237669478755691 0.00062837301368127746 -0.0069521828815457178 -0.0068940805066053388 -0.00062245180051811772 0.0029695216379914445 -0.0011050775437921217 -0.014342820097395032 0.0021217719577288803 -5.4358247029332445e-05 0.0031684855754590215 0.0060074068134208384 -0.00072452786381873582 -0.00015297123212537226 0.0025473171221104362 -0.0013326658288918786 0.0012809926988106783 0.00047900663126604847 0.0014662833765089131 0.00030073905818387434 0.0010838558005821649 -0.0022730976119976674 0.00174487512510184 0.0004655679290798434 -0.0012881261177167733 0.0011493495220197098 -0.01309343405402851 0.002207140371389687 -0.010906257876785229
leaf_weight=25252 8133 42000 7347 1726 1209 92567 10518 8772 1502 7158 57988 21385 139 33335 61918 14758 102305 12453 16735 24047 90720 32081 18443 72974 13542 42390 10047 431 100 1359
leaf_count=25252 8133 42000 7347 1726 1209 92567 10518 8772 1502 7158 57988 21385 139 33335 61918 14758 102305 12453 16735 24047 90720 32081 18443 72974 13542 42390 10047 431 100 1359
internal_value=-4.34725e-12 -0.000664355 -0.000820296 -0.000981904 0.00130412 -0.000887454 0.00135945 0.000873972 -0.0102717 0.000879777 -0.000427687 0.00215798 -0.00738796 -0.0015086 -0.000618127 0.00190952 -0.0016692 0.00199653 0.00123017 0.000730501 0.000594356 0.000505323 -0.00147631 0.00189915 -0.000151879 -0.00083154 0.000123398 -0.0085233 -0.00835176 -0.00869403
internal_weight=833334 552086 510099 465680 281248 460993 279469 44419 4687 174592 264910 104877 1779 196083 196875 22105 162748 20586 41987 154006 129959 122801 120748 83492 22314 134957 68035 1640 3185 3085
internal_count=833334 552086 510099 465680 281248 460993 279469 44419 4687 174592 264910 104877 1779 196083 196875 22105 162748 20586 41987 154006 129959 122801 120748 83492 22314 134957 68035 1640 3185 3085
is_linear=0
shrinkage=0.01


Tree=62
num_leaves=31
num_cat=0
split_feature=13 28 5 12 12 13 13 33 34 35 2 28 5 13 28 2 13 32 13 38 36 14 38 2 0 13 30 2 33 34
split_gain=7076.31 1598.6 1368.9 4004.67 1325.71 1290.58 1049.89 463.451 433.266 359.056 331.56 283.363 265.171 237.505 231.53 211.723 197.998 197.006 191.205 182.986 181.295 172.169 169.925 158.517 155.456 153.882 146.842 127.842 124.926 122.898
threshold=1.7196367007211772 1.0000000180025095e-35 1.0000000180025095e-35 1.0000000180025095e-35 1.0000000180025095e-35 1.1286563969375776 2.2392724853635406 1.0000000180025095e-35 1.0000000180025095e-35 1.0000000180025095e-35 1.0000000180025095e-35 1.1130081554571369 1.0000000180025095e-35 1.0358499511853621 1.5376196188713058 1.0000000180025095e-35 1.948834438036416 -1.0000000180025095e-35 0.67115713001328248 1.0000000180025095e-35 1.0000000180025095e-35 1.0000000180025095e-35 1.0000000180025095e-35 1.0000000180025095e-35 0.78656609248549303 0.2307147380127984 0.53792715123926005 1.0000000180025095e-35 1.0000000180025095e-35 1.0000000180025095e-35
decision_type=2 2 2 2 2 2 2 2 2 2 2 2 2 2 2 2 2 2 2 2 2 2 2 2 2 2 10 2 2 2
left_child=1 25 3 5 6 14 10 8 13 -5 19 17 -6 -4 18 22 -12 21 -3 28 24 -7 -8 -20 -15 -1 -26 -13 29 -2
right_child=4 2 7 9 12 11 15 -9 -10 -11 16 27 -14 20 -16 -17 -18 -19 23 -21 -22 -23 -24 -25 26 -27 -28 -29 -30 -31
leaf_value=0.0017107083604799326 0.0041521112917260166 -0.0021572565342638807 0.0005484293708268766 -0.0082682430756000919 -0.008438067848597533 -0.0006746271392282817 0.004924306926839447 -0.001011521722150185 -0.0009175584490814301 -0.014199391864364181 0.0004805383142397748 0.0014668032581786404 0.0059473328019003218 0.0026473222436745594 1.9931177537225094e-05 0.0021001279836700428 0.0011525528623732284 -0.0011917540514935088 -0.00050702643567497238 0.0013554935888627285 -0.00098839148828418818 4.4700227773086175e-05 0.0024781985952074858 -0.0015333600550822503 0.012139650445229957 0.00047421657009760775 0.0027073393754083021 -1.7485319776045198e-05 0.00059405589354383172 0.00030163726510559405
leaf_weight=25252 6800 44692 8331 3185 1640 107568 5113 10151 6434 1502 90307 6403 139 17505 9400 68991 85214 46843 17232 14136 1337 48176 6388 118776 342 16735 319 61903 1576 944
leaf_count=25252 6800 44692 8331 3185 1640 107568 5113 10151 6434 1502 90307 6403 139 17505 9400 68991 85214 46843 17232 14136 1337 48176 6388 118776 342 16735 319 61903 1576 944
internal_value=2.40791e-12 -0.000657711 -0.000812093 -0.000972085 0.00129108 -0.000878579 0.00134586 0.000865232 0.00142117 -0.0101689 0.000956021 -0.00043534 -0.00731408 0.00196178 -0.0015102 0.00230953 0.000806796 -0.00062314 -0.00158979 0.00207267 0.00256552 -0.000452119 0.00356567 -0.00140333 0.00282708 0.00121787 0.0075876 0.000121652 0.00316044 0.00368274
internal_weight=833334 552086 510099 465680 281248 460993 279469 44419 34268 4687 198977 270893 1779 27834 190100 80492 175521 202587 180700 23456 19503 155744 11501 136008 18166 41987 661 68306 9320 7744
internal_count=833334 552086 510099 465680 281248 460993 279469 44419 34268 4687 198977 270893 1779 27834 190100 80492 175521 202587 180700 23456 19503 155744 11501 136008 18166 41987 661 68306 9320 7744
is_linear=0
shrinkage=0.01


Tree=63
num_leaves=31
num_cat=0
split_feature=13 5 12 13 13 13 38 13 12 35 2 23 2 33 28 2 38 28 14 28 28 34 14 13 21 0 30 28 28 28
split_gain=6937.99 1597.48 4859.94 1393.37 1618.97 705.112 493.731 466.661 436.523 370.4 250.472 194.744 191.703 189.436 165.495 160.891 159.039 156.171 155.856 152.209 179.132 146.107 145.969 140.107 133.45 132.187 144.541 130.015 125.066 148.439
threshold=1.8526193544105245 1.0000000180025095e-35 1.0000000180025095e-35 1.383415212511431 1.0000000180025095e-35 2.377182230124077 1.0000000180025095e-35 1.0041184254615352 1.0000000180025095e-35 1.0000000180025095e-35 1.0000000180025095e-35 1.0000000180025095e-35 1.0000000180025095e-35 1.0000000180025095e-35 1.5643359330496931 1.0000000180025095e-35 1.0000000180025095e-35 1.0000000180025095e-35 1.0000000180025095e-35 1.4885124381371986 1.0000000180025095e-35 1.0000000180025095e-35 1.0000000180025095e-35 2.7904593368717907 12.500000000000002 0.60355339059327384 0.60960965198822692 1.2396777184720602 1.6700625298214697 0.061565245139631762
decision_type=2 2 2 2 2 2 2 2 2 2 2 2 2 2 2 2 2 2 2 2 2 2 2 2 2 2 8 2 2 2
left_child=1 2 3 4 -1 8 13 15 10 -4 16 14 -9 21 17 -6 -2 -5 -19 20 -12 25 -22 -7 -14 -3 -27 -11 29 -8
right_child=5 6 9 11 7 23 28 12 -10 27 19 -13 24 -15 -16 -17 -18 18 -20 -21 22 -23 -24 -25 -26 26 -28 -29 -30 -31
leaf_value=0.001573979989355663 0.0033996235494635524 0.0023192799289269137 -0.0082870382741852093 0.0014706296483644862 -0.00085765162841388611 0.002378813577676016 0.0018827036395893434 0.00015796566050544622 -0.0076547574552165787 -0.015711665956187556 0.0024897309885843224 -0.00065604323641680587 -0.0014837606078368041 -0.00054672068920667274 0.0011972809841740077 -0.0017601089439906754 0.0015699883280846083 -0.00019594745951132593 0.00050412606521453573 0.0018641804752474844 0.00067896656863971629 -0.00067477649231869209 0.0014882308788986146 0.0039828375026617633 -0.00078952762499699019 0.0073063009516673074 0.0011892418743789887 -0.0096533134468143687 0.0020159211547264612 -0.00039874173460408376
leaf_weight=22620 7991 20938 3904 7523 23601 43244 3300 17259 552 1181 7361 35934 36263 2515 13925 121230 11717 115820 43837 22788 88812 1510 29756 6230 117109 1126 588 506 3194 21000
leaf_count=22620 7991 20938 3904 7523 23601 43244 3300 17259 552 1181 7361 35934 36263 2515 13925 121230 11717 115820 43837 22788 88812 1510 29756 6230 117109 1126 588 506 3194 21000
internal_value=4.76752e-12 -0.000543861 -0.00070229 -0.000608858 -0.00101028 0.00153083 0.001096 -0.00119558 0.00122341 -0.00997901 0.00125251 1.6431e-05 -0.000841231 0.0020652 0.00014986 -0.00161305 0.00231185 6.26169e-05 -3.72837e-06 0.00111213 0.000976035 0.00233707 0.000882061 0.0025808 -0.000953671 0.00253784 0.0052078 -0.0138945 0.000155605 -8.89158e-05
internal_weight=833334 614883 560712 555121 338082 218451 54171 315462 168977 5591 168425 217039 170631 26677 181105 144831 19708 167180 159657 148717 125929 24162 118568 49474 153372 22652 1714 1687 27494 24300
internal_count=833334 614883 560712 555121 338082 218451 54171 315462 168977 5591 168425 217039 170631 26677 181105 144831 19708 167180 159657 148717 125929 24162 118568 49474 153372 22652 1714 1687 27494 24300
is_linear=0
shrinkage=0.01


Tree=64
num_leaves=31
num_cat=0
split_feature=13 28 5 12 12 13 13 33 34 35 2 13 5 28 28 13 32 36 13 14 38 13 28 28 0 30 40 14 2 35
split_gain=6807.58 1540.6 1313.15 3845.93 1275.6 1241.9 1013.44 448.386 418.869 345.104 270.543 269.322 256.691 255.102 250.073 232.277 194.87 184.94 177.751 159.416 152.18 146.846 145.581 166.108 142.016 162.888 138.886 137.712 130.539 118.713
threshold=1.7196367007211772 1.0000000180025095e-35 1.0000000180025095e-35 1.0000000180025095e-35 1.0000000180025095e-35 1.1633070353967037 2.1430616707563002 1.0000000180025095e-35 1.0000000180025095e-35 1.0000000180025095e-35 1.0000000180025095e-35 2.5413657419861835 1.0000000180025095e-35 1.2619364906458534 1.1440341707935231 0.98001640514797528 -1.0000000180025095e-35 1.0000000180025095e-35 0.68587073988106739 1.0000000180025095e-35 1.0000000180025095e-35 0.2307147380127984 1.4349654634956897 1.0000000180025095e-35 0.78656609248549303 0.53792715123926005 1.0000000180025095e-35 1.0000000180025095e-35 1.0000000180025095e-35 1.0000000180025095e-35
decision_type=2 2 2 2 2 2 2 2 2 2 2 2 2 2 2 2 2 2 2 2 2 2 2 2 2 10 2 2 2 2
left_child=1 21 3 5 6 14 10 8 15 -5 20 28 29 16 18 -4 19 24 -3 -7 -2 -1 23 -12 -17 -26 -20 -25 -8 -6
right_child=4 2 7 9 12 13 11 -9 -10 -11 22 -13 -14 -15 -16 17 -18 -19 26 -21 -22 -23 -24 27 25 -27 -28 -29 -30 -31
leaf_value=0.0016775809257199101 0.0030018837390981662 -0.0021648904724769439 0.000408759251087784 -0.008102690338421108 -0.0066740916375778734 -0.00057898113473175213 0.0028581113250923202 -0.00099983956297738583 -0.00090655772947315517 -0.013917464055046538 0.0020604741690956304 0.0030038875373595716 0.0058730068030974844 0.00029051453253053249 -0.00067297849357341745 0.0025649223082741209 -0.0010927081543733103 -0.0010246025050635096 -0.0012751787892435142 0.00010663822744612074 0.0012281492945345387 0.00046968871289232715 0.0014195533833021509 0.00027661101994329231 0.011964527886723064 0.002316756938236571 -0.0021910324922149896 0.0010452075653990317 0.0016603206152815903 -0.012786596935099799
leaf_weight=25252 7992 42000 7416 3185 1209 113858 10393 10151 6434 1502 7013 24398 139 44544 35073 18312 49301 1406 108374 48299 12253 16735 23573 89230 351 349 19544 31556 73061 431
leaf_count=25252 7992 42000 7416 3185 1209 113858 10393 10151 6434 1502 7013 24398 139 44544 35073 18312 49301 1406 108374 48299 12253 16735 23573 89230 351 349 19544 31556 73061 431
internal_value=1.92364e-12 -0.000645102 -0.000796657 -0.000953358 0.00126633 -0.000861724 0.00132006 0.000846159 0.00139299 -0.0099661 0.000842675 0.00207968 -0.00717462 -0.00039727 -0.00144175 0.00192454 -0.000542154 0.00247509 -0.00160044 -0.000374767 0.00192836 0.00119614 0.000697473 0.000564282 0.0027339 0.00715442 -0.00141511 0.000477411 0.00180949 -0.00828049
internal_weight=833334 552086 510099 465680 281248 460993 279469 44419 34268 4687 171617 107852 1779 256002 204991 27834 211458 20418 169918 162157 20245 41987 151372 127799 19012 700 127918 120786 83454 1640
internal_count=833334 552086 510099 465680 281248 460993 279469 44419 34268 4687 171617 107852 1779 256002 204991 27834 211458 20418 169918 162157 20245 41987 151372 127799 19012 700 127918 120786 83454 1640
is_linear=0
shrinkage=0.01


Tree=65
num_leaves=31
num_cat=0
split_feature=13 5 12 13 13 13 38 13 12 35 2 23 2 33 28 38 2 28 28 14 34 14 28 21 0 14 38 30 5 28
split_gain=6673.4 1545.86 4673.64 1366.66 1555.4 662.924 482.166 448.585 427.001 359.883 243.111 191.599 189.25 183.266 163.149 157.789 156.977 155.487 164.849 150.935 142.81 139.374 132.495 132.307 130.71 144.293 127.763 126.601 125.444 122.823
threshold=1.8596517322396171 1.0000000180025095e-35 1.0000000180025095e-35 1.383415212511431 1.0000000180025095e-35 2.4115740170006967 1.0000000180025095e-35 0.99602568284109638 1.0000000180025095e-35 1.0000000180025095e-35 1.0000000180025095e-35 1.0000000180025095e-35 1.0000000180025095e-35 1.0000000180025095e-35 1.7433567261747278 1.0000000180025095e-35 1.0000000180025095e-35 1.7433567261747278 1.0000000180025095e-35 1.0000000180025095e-35 1.0000000180025095e-35 1.0000000180025095e-35 1.3948823706269662 12.500000000000002 0.60355339059327384 1.0000000180025095e-35 1.0000000180025095e-35 1.0000000180025095e-35 1.0000000180025095e-35 1.6700625298214697
decision_type=2 2 2 2 2 2 2 2 2 2 2 2 2 2 2 2 2 2 2 2 2 2 2 2 2 2 2 8 2 2
left_child=1 2 3 4 -1 8 13 16 10 22 15 14 -9 20 19 -2 -6 18 -12 27 24 -20 -4 -14 -3 -26 -11 -5 -7 -8
right_child=5 6 9 11 7 28 29 12 -10 26 17 -13 23 -15 -16 -17 -18 -19 21 -21 -22 -23 -24 -25 25 -27 -28 -29 -30 -31
leaf_value=0.001541551897485951 0.0033653881671295216 0.002284267725600636 -0.0087265157671391098 0.0014319592505557005 -0.00083914752898558769 0.0024014997429496168 -8.7498484401241417e-05 0.00015015811448375162 -0.0075667366765251633 -0.015878999566935961 0.0024817923522593992 -0.00064199042320475992 -0.0014663123466823276 -0.00052753345389576121 0.0016113067796738312 0.001566193162243494 -0.0017378919326178049 0.0022981219361370305 0.00077571088903811817 0.00056879074924799113 -0.00067077256230812512 0.0015275188691097807 -0.0026862916587104585 -0.00078123853457462064 0.0018559894024103415 0.0076954478059920398 -0.01027200409702902 -0.0001529185178105653 0.0039278751501415953 0.0019911022738245653
leaf_weight=22620 8206 21043 3515 5256 23246 36837 24435 17614 549 1010 7519 36346 36927 2525 7361 12006 118513 10581 100640 48187 1514 32661 405 119162 750 971 680 122732 6306 3217
leaf_count=22620 8206 21043 3515 5256 23246 36837 24435 17614 549 1010 7519 36346 36927 2525 7361 12006 118513 10581 100640 48187 1514 32661 405 119162 750 971 680 122732 6306 3217
internal_value=-1.90444e-12 -0.000528186 -0.000683647 -0.000592335 -0.000991461 0.00151615 0.00108074 -0.00117309 0.00123837 -0.00976549 0.00126654 2.13467e-05 -0.00083243 0.00203651 0.000152709 0.00229666 -0.00159051 0.00112902 0.00104118 9.1765e-05 0.00230318 0.000959917 -0.00810246 -0.000943311 0.00250097 0.00515065 -0.0136229 -8.78334e-05 0.0026246 0.000154323
internal_weight=833334 618029 563574 557964 338082 215305 54455 315462 172162 5610 171613 219882 173703 26803 183536 20212 141759 151401 140820 176175 24278 133301 3920 156089 22764 1721 1690 127988 43143 27652
internal_count=833334 618029 563574 557964 338082 215305 54455 315462 172162 5610 171613 219882 173703 26803 183536 20212 141759 151401 140820 176175 24278 133301 3920 156089 22764 1721 1690 127988 43143 27652
is_linear=0
shrinkage=0.01


Tree=66
num_leaves=31
num_cat=0
split_feature=13 28 5 12 12 13 13 33 34 35 2 13 28 5 28 13 13 14 36 0 38 28 28 13 30 2 14 40 2 28
split_gain=6549.43 1486.69 1258.52 3693.18 1227.23 1194.62 977.172 434.2 405.383 331.7 261.031 260.074 258.5 248.56 236.284 227.414 187.562 176.173 171.753 146.832 146.428 141.236 150.406 139.904 138.416 135.32 130.424 128.961 121.217 116.098
threshold=1.7196367007211772 1.0000000180025095e-35 1.0000000180025095e-35 1.0000000180025095e-35 1.0000000180025095e-35 1.1895188357758253 2.1430616707563002 1.0000000180025095e-35 1.0000000180025095e-35 1.0000000180025095e-35 1.0000000180025095e-35 2.5981609247964816 1.1440341707935231 1.0000000180025095e-35 1.0481957873917065 1.0358499511853621 0.7407461309469443 1.0000000180025095e-35 1.0000000180025095e-35 0.78656609248549303 1.0000000180025095e-35 1.6525931781614815 1.0000000180025095e-35 0.2307147380127984 0.53792715123926005 1.0000000180025095e-35 1.0000000180025095e-35 1.0000000180025095e-35 1.0000000180025095e-35 1.8646226162917365
decision_type=2 2 2 2 2 2 2 2 2 2 2 2 2 2 2 2 2 2 2 2 2 2 2 2 10 2 2 2 2 2
left_child=1 23 3 5 6 12 10 8 15 -5 20 25 16 -6 17 -4 -3 -7 19 -17 -2 22 -12 -1 -21 -8 -24 -18 -16 -14
right_child=4 2 7 9 13 14 11 -9 -10 -11 21 -13 29 -15 28 18 27 -19 -20 24 -22 -23 26 -25 -26 -27 -28 -29 -30 -31
leaf_value=0.0016459105096387802 0.00294549545839231 -0.0020505775705059229 0.00050468284125044106 -0.007940125470788012 -0.0081254933129970511 -0.00078598687722723651 0.0028414409420635463 -0.00098991279917754393 -0.00089746446855361393 -0.013640852444619189 0.0020206334719663063 0.0031226454347917766 -0.00080315973213093044 0.0058020334404879819 0.0014117430647858512 0.0025583420108443583 -0.0012019097834599008 -9.7373505101739911e-05 -0.00098066581415587849 0.011779148007051377 0.0012056020225782171 0.0017212922243051195 0.0003337245478430283 0.00046691774099617833 0.0026214622569687923 0.0016699974283187519 0.0010532924918750838 -0.0020856117128309217 -1.6256292271750233e-05 0.0011598762917712242
leaf_weight=25252 7992 51889 8331 3185 1640 117466 11285 10151 6434 1502 7013 18422 34074 139 6532 17505 107806 54339 1337 342 12253 12066 98442 16735 319 78145 33851 19501 66081 3305
leaf_count=25252 7992 51889 8331 3185 1640 117466 11285 10151 6434 1502 7013 18422 34074 139 6532 17505 107806 54339 1337 342 12253 12066 98442 16735 319 78145 33851 19501 66081 3305
internal_value=7.90562e-13 -0.000632752 -0.000781633 -0.000935039 0.00124208 -0.000845243 0.00129479 0.00082665 0.00136476 -0.00976699 0.000826025 0.00204069 -0.00138603 -0.00703728 -0.000366056 0.00188769 -0.00154382 -0.00056819 0.00247846 0.00273304 0.00189245 0.000683398 0.000593501 0.00117599 0.00735963 0.00181782 0.000517847 -0.00133728 0.000112201 -0.000629591
internal_weight=833334 552086 510099 465680 281248 460993 279469 44419 34268 4687 171617 107852 216575 1779 244418 27834 179196 171805 19503 18166 20245 151372 139306 41987 661 89430 132293 127307 72613 37379
internal_count=833334 552086 510099 465680 281248 460993 279469 44419 34268 4687 171617 107852 216575 1779 244418 27834 179196 171805 19503 18166 20245 151372 139306 41987 661 89430 132293 127307 72613 37379
is_linear=0
shrinkage=0.01


Tree=67
num_leaves=31
num_cat=0
split_feature=13 28 13 12 5 12 13 2 38 28 28 35 5 13 14 13 13 38 13 33 34 31 35 30 2 21 2 38 33 21
split_gain=6419.1 1457.11 1234.04 1202.81 1069.56 3539.18 959.088 308.983 296.048 295.838 282.522 271.649 243.613 224.099 198.388 191.631 191.104 171.557 137.12 122.388 125.378 115.482 115.352 114.424 114.376 109.045 107.047 121.039 105.962 104.76
threshold=1.7196367007211772 1.0000000180025095e-35 1.0799390089850902 1.0000000180025095e-35 1.0000000180025095e-35 1.0000000180025095e-35 2.2518705770661058 1.0000000180025095e-35 1.0000000180025095e-35 1.2619364906458534 1.4557038056921707 1.0000000180025095e-35 1.0000000180025095e-35 1.4135446682119426 1.0000000180025095e-35 1.948834438036416 2.7231030031894234 1.0000000180025095e-35 0.2307147380127984 1.0000000180025095e-35 1.0000000180025095e-35 1.0000000180025095e-35 1.0000000180025095e-35 0.53792715123926005 1.0000000180025095e-35 12.500000000000002 1.0000000180025095e-35 1.0000000180025095e-35 1.0000000180025095e-35 12.500000000000002
decision_type=2 2 2 2 2 2 2 2 2 2 2 2 2 2 2 2 2 2 2 2 2 2 2 10 2 2 2 2 2 2
left_child=1 18 10 6 5 9 7 17 -6 13 14 21 22 25 -3 -9 26 19 -1 20 -2 28 -5 -13 -11 -4 27 -8 -7 -15
right_child=3 2 4 12 8 11 16 15 -10 24 -12 23 -14 29 -16 -17 -18 -19 -20 -21 -22 -23 -24 -25 -26 -27 -28 -29 -30 -31
leaf_value=0.00162945140077665 0.004017021050112056 -0.0017985009546292478 -0.0014135964612643781 -0.0064607454705143744 0.0023852093559556388 -0.0065949458110078152 0.0043838532448519539 0.00045329413726149522 0.00038798580412159329 0.001718906095585471 -2.2812814481001433e-05 -0.015520862638164443 0.0057440131100140882 -0.00081948437240726203 -0.001097904573171182 0.0011088053461568435 0.0035787080998690855 0.001299607333832444 0.00046224857142676502 0.00051169193713017543 0.00018134873574691845 0.002591670852527022 -0.01248610126565528 -0.009054419184811327 9.68248986247411e-05 -0.00072181995943743267 0.0018896411023736088 0.0020617970474747413 -0.010426397277676223 -0.000102936712890889
leaf_weight=25252 6914 106982 29629 1209 15146 1587 3910 90307 14553 4820 13334 871 139 26678 64961 88108 9248 14362 16735 1601 972 100 431 399 44298 98666 58776 5271 1324 86751
leaf_count=25252 6914 106982 29629 1209 15146 1587 3910 90307 14553 4820 13334 871 139 26678 64961 88108 9248 14362 16735 1601 972 100 431 399 44298 98666 58776 5271 1324 86751
internal_value=-1.64937e-12 -0.000626425 -0.000773816 0.00122966 -0.000402345 -0.000584378 0.00128184 0.000919909 0.00140654 -0.000451518 -0.00142507 -0.00961059 -0.00696691 -0.000595285 -0.00153381 0.00077701 0.00223004 0.00198894 0.00116423 0.00303248 0.00354425 -0.00797461 -0.00804424 -0.0134893 0.000256001 -0.000881582 0.0020465 0.00305071 -0.00833759 -0.000271466
internal_weight=833334 552086 510099 281248 324822 295123 279469 202264 29699 290842 185277 4281 1779 241724 171943 178415 77205 23849 41987 9487 7886 3011 1640 1270 49118 128295 67957 9181 2911 113429
internal_count=833334 552086 510099 281248 324822 295123 279469 202264 29699 290842 185277 4281 1779 241724 171943 178415 77205 23849 41987 9487 7886 3011 1640 1270 49118 128295 67957 9181 2911 113429
is_linear=0
shrinkage=0.01


Tree=68
num_leaves=31
num_cat=0
split_feature=13 5 12 13 13 13 38 13 12 35 2 2 23 33 32 28 28 28 38 14 14 34 28 0 14 28 38 5 28 28
split_gain=6294.49 1463.36 4410.15 1294.99 1458.25 628.117 458.451 436.168 400.247 340.777 231.873 228.863 182.935 175.874 158.461 154.675 151.002 166.3 149.535 145.899 137.423 137.326 128.949 126.713 140.65 124.097 124.089 120.153 119.911 141.914
threshold=1.8596517322396171 1.0000000180025095e-35 1.0000000180025095e-35 1.3891652284438027 1.0000000180025095e-35 2.4115740170006967 1.0000000180025095e-35 0.89220291535796681 1.0000000180025095e-35 1.0000000180025095e-35 1.0000000180025095e-35 1.0000000180025095e-35 1.0000000180025095e-35 1.0000000180025095e-35 1.0000000180025095e-35 1.5643359330496931 1.5915793889509746 1.0000000180025095e-35 1.0000000180025095e-35 1.0000000180025095e-35 1.0000000180025095e-35 1.0000000180025095e-35 1.3948823706269662 0.60355339059327384 1.0000000180025095e-35 1.0000000180025095e-35 1.0000000180025095e-35 1.0000000180025095e-35 1.6700625298214697 0.061565245139631762
decision_type=2 2 2 2 2 2 2 2 2 2 2 2 2 2 2 2 2 2 2 2 2 2 2 2 2 2 2 2 2 2
left_child=1 2 3 4 -1 8 13 -6 11 22 -9 18 15 21 -12 19 17 -13 -2 25 -19 23 -4 -3 -25 -5 -11 -7 29 -8
right_child=5 6 9 12 7 27 28 10 -10 26 14 16 -14 -15 -16 -17 -18 20 -20 -21 -22 -23 -24 24 -26 -27 -28 -29 -30 -31
leaf_value=0.0014935415644844515 0.0032692400272985463 0.0022262295748822708 -0.0084837143700848081 0.0014047179247069419 -0.0016600510513500458 0.0023330926719530658 0.0018354129130901766 9.3022844140175882e-05 -0.0073227090010239675 -0.015463390837356651 -0.00082768169396627565 0.0024267242829074604 -0.00062421518617053755 -0.00052739612893846881 -0.001510224184353384 0.0011660782736591714 0.0019704130758035894 0.00070686481768249124 0.0015177360529049458 0.00055172347025100497 0.0014708801082371522 -0.0006706628621030074 -0.0025248823625346022 0.0017956342982066173 0.0075609171378268484 -0.00017717085900740106 -0.0099376038612106858 0.0038269286829586404 0.0019639622512017635 -0.00039151503648418801
leaf_weight=22620 8206 21043 3515 5181 105463 36837 3310 22224 549 1010 146360 7519 35855 2525 44313 14030 17468 95129 12006 46086 31285 1514 405 750 971 115832 680 6306 3217 21125
leaf_count=22620 8206 21043 3515 5181 105463 36837 3310 22224 549 1010 146360 7519 35855 2525 44313 14030 17468 95129 12006 46086 31285 1514 405 750 971 115832 680 6306 3217 21125
internal_value=-9.02006e-13 -0.000512972 -0.000664228 -0.000575527 -0.000959836 0.00147248 0.00105244 -0.00113415 0.00120209 -0.00948635 -0.000873637 0.00122936 2.83955e-05 0.0019844 -0.000986307 0.000157582 0.00109593 0.000981882 0.00222884 7.2906e-05 0.000895944 0.00224564 -0.00786807 0.00243959 0.00504845 -0.000109445 -0.01324 0.00255144 0.000149086 -8.98522e-05
internal_weight=833334 618029 563574 557964 340980 215305 54455 318360 172162 5610 212897 171613 216984 26803 190673 181129 151401 133933 20212 167099 126414 24278 3920 22764 1721 121013 1690 43143 27652 24435
internal_count=833334 618029 563574 557964 340980 215305 54455 318360 172162 5610 212897 171613 216984 26803 190673 181129 151401 133933 20212 167099 126414 24278 3920 22764 1721 121013 1690 43143 27652 24435
is_linear=0
shrinkage=0.01


Tree=69
num_leaves=31
num_cat=0
split_feature=13 28 13 12 5 12 13 28 38 28 2 35 5 13 14 14 28 28 38 28 14 13 13 2 38 31 35 30 33 2
split_gain=6175.54 1404.93 1191.11 1157.19 1031.11 3398.56 925.557 288.669 284.261 275.909 265.666 261.081 235.954 223.211 193.907 189.627 149.151 167.57 142.918 142.486 139.425 131.374 130.61 124.016 129.224 113.131 112.102 111.32 106.494 104.1
threshold=1.7196367007211772 1.0000000180025095e-35 1.0799390089850902 1.0000000180025095e-35 1.0000000180025095e-35 1.0000000180025095e-35 2.1840830473287376 1.0481957873917065 1.0000000180025095e-35 1.4557038056921707 1.0000000180025095e-35 1.0000000180025095e-35 1.0000000180025095e-35 2.6727683845728754 1.0000000180025095e-35 1.0000000180025095e-35 1.4349654634956897 1.0000000180025095e-35 1.0000000180025095e-35 1.7233913985289542 1.0000000180025095e-35 1.4619814362511783 0.2307147380127984 1.0000000180025095e-35 1.0000000180025095e-35 1.0000000180025095e-35 1.0000000180025095e-35 0.53792715123926005 1.0000000180025095e-35 1.0000000180025095e-35
decision_type=2 2 2 2 2 2 2 2 2 2 2 2 2 2 2 2 2 2 2 2 2 2 2 2 2 2 2 10 2 2
left_child=1 22 9 6 5 7 10 15 -6 14 18 25 26 23 -3 21 17 -12 28 29 -19 -4 -1 24 -8 -7 -5 -13 -2 -9
right_child=3 2 4 12 8 11 13 19 -10 -11 16 27 -14 -15 -16 -17 -18 20 -20 -21 -22 -23 -24 -25 -26 -27 -28 -29 -30 -31
leaf_value=0.0015979178009112097 0.0033962084978751599 -0.0017681244789059536 -0.0011021476972509756 -0.0063327687135807066 0.0023408592419773304 -0.0081734316386882118 0.0041432292647428171 0.0010532456221247998 0.00038379963850880354 -1.3229867534310511e-05 0.0020182533415501118 -0.01522434297900959 0.0056759595895092265 0.0033104567761760967 -0.0010754853325462923 -0.00020525700160974655 0.001403724047850844 0.00029188424429255148 0.0012257476931765972 0.0011273996531780126 0.0010409668704262423 -0.00047622687174540948 0.00045875579264997775 0.0017197758313911606 0.0019342763103927163 0.0026440365785732867 -0.012272648859949806 -0.0088462182246370324 0.00043937518340651799 -0.00022857913415032049
leaf_weight=25252 7084 106982 84223 1209 15146 2911 4579 7004 14553 13334 7566 871 139 12334 64961 66773 25593 95387 13090 10731 33600 55716 16735 72484 6281 100 431 399 1471 66395
leaf_count=25252 7084 106982 84223 1209 15146 2911 4579 7004 14553 13334 7566 871 139 12334 64961 66773 25593 95387 13090 10731 33600 55716 16735 72484 6281 100 431 399 1471 66395
internal_value=-1.4889e-12 -0.000614426 -0.000759154 0.00120611 -0.000394201 -0.000572931 0.00125729 -0.000442738 0.00138187 -0.00139898 0.000842066 -0.00941801 -0.00683354 0.0020549 -0.00150644 -0.000643723 0.000703157 0.000571855 0.00188266 5.10941e-05 0.000487014 -0.000852941 0.00114388 0.00186909 0.00286566 -0.00781417 -0.0078938 -0.0132205 0.00288779 -0.000106263
internal_weight=833334 552086 510099 281248 324822 295123 279469 290842 29699 185277 183791 4281 1779 95678 171943 206712 162146 136553 21645 84130 128987 139939 41987 83344 10860 3011 1640 1270 8555 73399
internal_count=833334 552086 510099 281248 324822 295123 279469 290842 29699 185277 183791 4281 1779 95678 171943 206712 162146 136553 21645 84130 128987 139939 41987 83344 10860 3011 1640 1270 8555 73399
is_linear=0
shrinkage=0.01


Tree=70
num_leaves=31
num_cat=0
split_feature=13 5 12 13 13 13 33 34 13 12 35 36 2 14 13 28 23 0 28 28 32 14 5 13 28 21 38 2 33 28
split_gain=6055.06 1411.92 4244.59 1248.98 1412.45 605.464 449.377 448.136 405.777 377.192 328.733 228.55 220.533 215.511 195.489 194.201 184.614 172.16 168.272 155.42 149.28 141.834 138.092 129.308 125.591 125.559 120.714 117.625 117.429 117.098
threshold=1.8596517322396171 1.0000000180025095e-35 1.0000000180025095e-35 1.3773797357772766 1.0000000180025095e-35 2.377182230124077 1.0000000180025095e-35 1.0000000180025095e-35 0.89220291535796681 1.0000000180025095e-35 1.0000000180025095e-35 1.0000000180025095e-35 1.0000000180025095e-35 1.0000000180025095e-35 1.2227454788137739 1.4885124381371986 1.0000000180025095e-35 0.78656609248549303 1.0000000180025095e-35 1.7433567261747278 1.0000000180025095e-35 1.0000000180025095e-35 1.0000000180025095e-35 2.7904593368717907 1.3948823706269662 6.5000000000000009 1.0000000180025095e-35 1.0000000180025095e-35 1.0000000180025095e-35 1.0000000180025095e-35
decision_type=2 2 2 2 2 2 2 2 2 2 2 2 2 2 2 2 2 2 2 2 2 2 2 2 2 2 2 2 2 2
left_child=1 2 3 4 -1 9 7 11 27 13 24 14 -10 15 -3 18 19 25 -2 21 -14 29 -15 -7 28 -16 -12 -6 -4 -5
right_child=5 6 10 16 8 23 -8 -9 12 -11 26 -13 20 22 17 -17 -18 -19 -20 -21 -22 -23 -24 -25 -26 -27 -28 -29 -30 -31
leaf_value=0.0014627020210246651 0.0024027523773749813 0.0013174992419299075 -0.0067070559475179686 0.0013668876316343284 -0.00091520382733691139 0.0022210247910974612 -0.0006313819561161592 -0.00056759011758348644 8.6002746971031925e-05 -0.0072521882123949312 -0.01518630500517712 -0.00090509954305224415 -0.00082341547242205826 0.0015616138961141494 0.013750725054335826 0.0018345537670794191 -0.00063121128200589001 0.0079963350523985493 0.00068472933896108383 0.0015615256715935289 -0.0014952768113538654 0.00054387465332303886 0.0031822349469026517 0.0037619927503232302 -0.0024440400355070094 0.0026778960219681898 -0.0097361643990435537 -0.0017859559647219138 -0.010389899616497264 -0.00015031628496169866
leaf_weight=22620 6063 12787 1971 5304 18901 43244 12481 8197 21698 532 1010 2446 142347 36140 103 21446 36821 646 95497 7424 43079 48883 6153 6230 405 17795 680 86562 1544 124325
leaf_count=22620 6063 12787 1971 5304 18901 43244 12481 8197 21698 532 1010 2446 142347 36140 103 21446 36821 646 95497 7424 43079 48883 6153 6230 405 17795 680 86562 1544 124325
internal_value=1.85112e-12 -0.000503121 -0.000651696 -0.000564675 -0.000950361 0.0014442 0.00103453 0.00152989 -0.00112498 0.00115455 -0.00930663 0.00203891 -0.000867884 0.00118161 0.00226874 0.000969882 1.5708e-05 0.00292467 0.000787293 0.000143818 -0.000979505 8.48577e-05 0.00179739 0.00241507 -0.00771721 0.00274162 -0.0129933 -0.0016299 -0.00832478 -8.82372e-05
internal_weight=833334 618029 563574 557964 335207 215305 54455 41974 312587 165831 5610 33777 207124 165299 31331 123006 222757 18544 101560 185936 185426 178512 42293 49474 3920 17898 1690 105463 3515 129629
internal_count=833334 618029 563574 557964 335207 215305 54455 41974 312587 165831 5610 33777 207124 165299 31331 123006 222757 18544 101560 185936 185426 178512 42293 49474 3920 17898 1690 105463 3515 129629
is_linear=0
shrinkage=0.01


Tree=71
num_leaves=31
num_cat=0
split_feature=13 28 13 12 5 12 13 28 38 28 35 2 2 5 14 14 38 13 28 38 28 28 13 13 21 31 35 30 33 2
split_gain=5940.81 1356.2 1148.19 1114.55 991.165 3263.02 893.444 281.947 273.44 270.177 250.985 239.712 238.794 227.498 188.323 184.384 178.25 154.201 137.973 134.349 133.809 134.245 126.68 124.586 121.176 110.773 108.907 108.3 101.78 101.24
threshold=1.7196367007211772 1.0000000180025095e-35 1.0799390089850902 1.0000000180025095e-35 1.0000000180025095e-35 1.0000000180025095e-35 2.1430616707563002 1.0481957873917065 1.0000000180025095e-35 1.3674937235443207 1.0000000180025095e-35 1.0000000180025095e-35 1.0000000180025095e-35 1.0000000180025095e-35 1.0000000180025095e-35 1.0000000180025095e-35 1.0000000180025095e-35 2.4484587545498933 1.7233913985289542 1.0000000180025095e-35 1.8364937973931672 1.0000000180025095e-35 1.4619814362511783 0.2307147380127984 12.500000000000002 1.0000000180025095e-35 1.0000000180025095e-35 0.53792715123926005 1.0000000180025095e-35 1.0000000180025095e-35
decision_type=2 2 2 2 2 2 2 2 2 2 2 2 2 2 2 2 2 2 2 2 2 2 2 2 2 2 2 10 2 2
left_child=1 23 9 6 5 7 12 15 -6 14 25 16 19 26 -3 22 -8 -13 29 -2 21 -14 -4 -1 -23 28 -5 -12 -7 -9
right_child=3 2 4 13 8 10 11 18 -10 -11 27 17 20 -15 -16 -17 -18 -19 -20 -21 -22 24 -24 -25 -26 -27 -28 -29 -30 -31
leaf_value=0.001568351580292001 0.0028136267222867222 -0.0017583666190295133 -0.0010838288134525751 -0.0062096356705802318 0.0022953765650365939 -0.0063037274654989296 0.0043799684677462963 0.0010424981513525941 0.00037592665618162347 -0.0001827675117770769 -0.014933376870157243 0.0014731397077657189 0.0019369755220770308 0.0055761419214884478 -0.0010690012657138489 -0.00020044753125793863 0.0021612883740896511 0.0023380995778929598 0.0011129918921258008 0.0011470418460487709 0.0020906281629030467 -1.4999219096406848e-05 -0.00046919379027707665 0.00045577348729517223 0.00068303892479173469 0.0026924992430955169 -0.012064235556844769 -0.0086423639284404826 -0.010058804248142926 -0.00022159965534888923
leaf_weight=25252 7992 103939 84223 1209 15146 1587 6441 7004 14553 17291 871 62352 7013 139 64047 66773 8271 30788 10731 12253 6172 32524 55716 16735 105663 100 431 399 1324 66395
leaf_count=25252 7992 103939 84223 1209 15146 1587 6441 7004 14553 17291 871 62352 7013 139 64047 66773 8271 30788 10731 12253 6172 32524 55716 16735 105663 100 431 399 1324 66395
internal_value=2.18832e-12 -0.000602636 -0.000744832 0.00118297 -0.000386515 -0.00056175 0.00123319 -0.000434178 0.00135481 -0.00137302 -0.00922866 0.00194643 0.000784961 -0.00670717 -0.00149554 -0.00063281 0.00313264 0.00175906 5.38698e-05 0.00180495 0.000648544 0.000587246 -0.000839115 0.0011249 0.000518747 -0.00765613 -0.00774825 -0.0129569 -0.00801164 -0.000100975
internal_weight=833334 552086 510099 281248 324822 295123 279469 290842 29699 185277 4281 107852 171617 1779 167986 206712 14712 93140 84130 20245 151372 145200 139939 41987 138187 3011 1640 1270 2911 73399
internal_count=833334 552086 510099 281248 324822 295123 279469 290842 29699 185277 4281 107852 171617 1779 167986 206712 14712 93140 84130 20245 151372 145200 139939 41987 138187 3011 1640 1270 2911 73399
is_linear=0
shrinkage=0.01


Tree=72
num_leaves=31
num_cat=0
split_feature=13 5 12 13 13 13 33 34 12 13 35 36 2 14 28 23 13 30 0 28 28 32 14 5 28 28 38 5 33 38
split_gain=5823.89 1362.48 4085.32 1205.35 1380.2 582.793 438.262 437.041 367.161 364.186 317.118 223.193 222.644 218.756 202.286 191.545 187.521 173.427 159.986 159.135 149.555 152.803 148.01 137.441 123.328 122.238 117.437 114.663 113.078 112.316
threshold=1.8596517322396171 1.0000000180025095e-35 1.0000000180025095e-35 1.3536420205049211 1.0000000180025095e-35 2.4115740170006967 1.0000000180025095e-35 1.0000000180025095e-35 1.0000000180025095e-35 0.84221350528399996 1.0000000180025095e-35 1.0000000180025095e-35 1.0000000180025095e-35 1.0000000180025095e-35 1.4885124381371986 1.0000000180025095e-35 1.3476834535525348 1.0000000180025095e-35 0.78656609248549303 1.5643359330496931 1.7233913985289542 1.0000000180025095e-35 1.0000000180025095e-35 1.0000000180025095e-35 1.0000000180025095e-35 1.3948823706269662 1.0000000180025095e-35 1.0000000180025095e-35 1.0000000180025095e-35 1.0000000180025095e-35
decision_type=2 2 2 2 2 2 2 2 2 2 2 2 2 2 2 2 2 8 2 2 2 2 2 2 2 2 2 2 2 2
left_child=1 2 3 4 -1 8 7 11 13 -6 25 16 -11 14 17 19 -3 -2 -18 22 21 -14 24 -15 -5 28 -12 -7 -4 -25
right_child=5 6 10 15 9 27 -8 -9 -10 12 26 -13 20 23 -16 -17 18 -19 -20 -21 -22 -23 -24 29 -26 -27 -28 -29 -30 -31
leaf_value=0.0014324652932530125 0.0023922170676357346 0.0014358182652373962 -0.0065812168069233328 0.0013200070852331938 -0.0016607911496601319 0.0022423680179785264 -0.00062811802473799376 -0.00056509357176543948 -0.0070089355666989395 3.4340032897595001e-05 -0.014914355425597492 -0.0009003654025597237 -0.00090286265310112173 0.0015597275768421317 0.0018338212101678567 -0.00065063090278714422 0.002797445406382396 0.00068653650681549925 0.0082799865800389574 0.0011122284602374289 0.0006743153193402156 -0.0015885228847811637 0.00049895185420785742 0.0047374623410778348 -0.0002046768777088148 -0.0023669957407048822 -0.0095387195447761124 0.0037016790106777085 -0.010195193929309563 0.002046811497743932
leaf_weight=22620 6343 15136 1971 5540 90146 36837 12481 8197 549 22694 1010 2446 140621 37354 22499 38737 15644 98991 551 14903 5103 42273 50157 2618 125170 405 680 6306 1544 3808
leaf_count=22620 6343 15136 1971 5540 90146 36837 12481 8197 549 22694 1010 2446 140621 37354 22499 38737 15644 98991 551 14903 5103 42273 50157 2618 125170 405 680 6306 1544 3808
internal_value=-3.08086e-12 -0.000493423 -0.000639373 -0.000554001 -0.000949752 0.00141636 0.00101706 0.00150626 0.00115592 -0.00112887 -0.00913038 0.00200893 -0.000901285 0.00118204 0.000973097 -8.13872e-06 0.00223606 0.000789249 0.00298398 0.000118991 -0.00101423 -0.00106134 3.71508e-05 0.00179212 -0.000140055 -0.00756928 -0.0127514 0.00245567 -0.00816869 0.003143
internal_weight=833334 618029 563574 557964 323457 215305 54455 41974 172162 300837 5610 33777 210691 171613 127833 234507 31331 105334 16195 195770 187997 182894 180867 43780 130710 3920 1690 43143 3515 6426
internal_count=833334 618029 563574 557964 323457 215305 54455 41974 172162 300837 5610 33777 210691 171613 127833 234507 31331 105334 16195 195770 187997 182894 180867 43780 130710 3920 1690 43143 3515 6426
is_linear=0
shrinkage=0.01


Tree=73
num_leaves=31
num_cat=0
split_feature=13 28 13 12 5 12 13 28 28 38 35 13 2 5 2 14 13 38 28 28 2 14 12 13 13 21 13 31 40 35
split_gain=5715.42 1309.12 1107.89 1073.08 936.486 3132.84 861.571 288.285 257.807 250.186 239.788 231.957 231.117 219.616 204.575 171.612 153.416 129.83 129.719 129.53 125.415 125.413 124.785 292.515 118.829 118.2 109.533 108.245 105.945 105.802
threshold=1.7196367007211772 1.0000000180025095e-35 1.1153054981769268 1.0000000180025095e-35 1.0000000180025095e-35 1.0000000180025095e-35 2.1430616707563002 1.5643359330496931 1.0481957873917065 1.0000000180025095e-35 1.0000000180025095e-35 2.6322844446813778 1.0000000180025095e-35 1.0000000180025095e-35 1.0000000180025095e-35 1.0000000180025095e-35 0.67115713001328248 1.0000000180025095e-35 1.8364937973931672 1.0000000180025095e-35 1.0000000180025095e-35 1.0000000180025095e-35 1.0000000180025095e-35 0.2307147380127984 0.2307147380127984 12.500000000000002 1.4619814362511783 1.0000000180025095e-35 1.0000000180025095e-35 1.0000000180025095e-35
decision_type=2 2 2 2 2 2 2 2 2 2 2 2 2 2 2 2 2 2 2 2 2 2 2 2 2 2 2 2 2 2
left_child=1 24 7 6 5 8 12 14 15 -6 27 21 17 29 22 26 -16 -2 19 -14 -10 -8 -3 -24 -1 -21 -4 -7 -18 -5
right_child=3 2 4 13 9 10 11 -9 20 -11 -12 -13 18 -15 16 -17 28 -19 -20 25 -22 -23 23 -25 -26 -27 -28 -29 -30 -31
leaf_value=0.0015392814475671322 0.0027644541924682887 -0.00071001248354581037 -0.0010434527622464836 -0.0060879935838730141 0.0022781509006987448 -0.007877884400839523 0.0015133602447951408 0.00031095101847222501 0.0013008369696653076 0.00040800776547646823 -0.012748909368168694 0.0030469615753916492 0.0019006865565604904 0.0054870283932311184 -0.0021484942543084262 -0.0001656028797521378 -0.001253111380049564 0.001126136748718946 0.0020550926616577972 -1.9567329658744612e-05 -5.1260917551044794e-05 0.0023745625776909786 0.0037390390163282595 -0.012338855718757877 0.00045270924292864381 0.00066984340299347165 -0.00046174319207900106 0.0027555307207836046 -0.0020574707042689566 -0.011858528695888213
leaf_weight=25252 7992 40285 77247 1209 14689 2901 70192 10412 7571 13944 1244 15384 7013 139 35000 62860 94800 12253 6172 32524 73066 22276 189 282 16735 105663 55716 99 19794 431
leaf_count=25252 7992 40285 77247 1209 14689 2901 70192 10412 7571 13944 1244 15384 7013 139 35000 62860 94800 12253 6172 32524 73066 22276 189 282 16735 105663 55716 99 19794 431
internal_value=-2.10556e-12 -0.000591093 -0.0007308 0.00116031 -0.000355354 -0.000531083 0.00120959 -0.00130929 -0.000400191 0.00136741 -0.00905763 0.00190999 0.000769428 -0.00658163 -0.00139792 -0.00059615 -0.00156903 0.00177289 0.000635222 0.000574868 7.56874e-05 0.00172083 -0.000769843 -0.00588722 0.0011062 0.000507582 -0.000799697 -0.00752698 -0.00139205 -0.00760452
internal_weight=833334 552086 510099 281248 309337 280704 279469 200762 276460 28633 4244 107852 171617 1779 190350 195823 149594 20245 151372 145200 80637 92468 40756 471 41987 138187 132963 3000 114594 1640
internal_count=833334 552086 510099 281248 309337 280704 279469 200762 276460 28633 4244 107852 171617 1779 190350 195823 149594 20245 151372 145200 80637 92468 40756 471 41987 138187 132963 3000 114594 1640
is_linear=0
shrinkage=0.01


Tree=74
num_leaves=31
num_cat=0
split_feature=13 28 13 12 5 12 13 2 28 33 34 28 35 5 21 14 13 13 13 36 38 0 30 13 33 34 31 2 30 35
split_gain=5601.68 1283.07 1086.33 1051.72 934.367 3070.55 845.487 274.592 270.283 261.635 286.097 259.636 236.512 215.246 198.563 183.218 172.703 171.684 156.859 152.953 152.62 132.651 126.728 116.465 115.171 120.642 106.304 106.034 105.28 103.696
threshold=1.7196367007211772 1.0000000180025095e-35 1.0799390089850902 1.0000000180025095e-35 1.0000000180025095e-35 1.0000000180025095e-35 2.2518705770661058 1.0000000180025095e-35 1.2619364906458534 1.0000000180025095e-35 1.0000000180025095e-35 1.3674937235443207 1.0000000180025095e-35 1.0000000180025095e-35 12.500000000000002 1.0000000180025095e-35 2.7231030031894234 1.9733168428063819 1.4135446682119426 1.0000000180025095e-35 1.0000000180025095e-35 0.78656609248549303 0.55995448138535064 0.2307147380127984 1.0000000180025095e-35 1.0000000180025095e-35 1.0000000180025095e-35 1.0000000180025095e-35 0.53792715123926005 1.0000000180025095e-35
decision_type=2 2 2 2 2 2 2 2 2 2 2 2 2 2 2 2 2 2 2 2 2 2 10 2 2 2 2 2 10 2
left_child=1 23 11 6 5 8 7 20 14 10 19 15 26 29 -4 -3 -8 -9 -16 21 24 -6 -23 -1 25 -2 -7 -10 -14 -5
right_child=3 2 4 13 9 12 16 17 27 -11 -12 -13 28 -15 18 -17 -18 -19 -20 -21 -22 22 -24 -25 -26 -27 -28 -29 -30 -31
leaf_value=0.0015238886449021436 0.003809923156349245 -0.0017138694936342591 -0.0010788610813741283 -0.0060271135812111007 0.0024305314289899387 -0.0077742660499895483 0.001913291817637382 0.00044435921826429365 0.0016634666900609469 -0.00042558598199377977 -0.00051168372396111542 -0.00016772030028870758 -0.014520394698610843 0.0054321581754404645 -0.00067355550349460403 -0.0010339112395795927 0.0033698617719954906 0.0010683551788212224 -9.0635465902186787e-05 -0.00098497653184302842 0.0012152796459113464 0.010987357071874107 0.0019050255446232606 0.00044818215669601715 0.00040438185314383579 4.7399605475385281e-05 0.0027117273084819316 0.00010165972149070556 -0.0083177149652463762 -0.011739943361811904
leaf_weight=25252 6914 103939 56307 1209 16829 2911 67957 98756 4820 6686 4278 17291 871 139 98666 64047 9248 79659 86751 1278 14362 360 268 16735 1601 972 100 44298 399 431
leaf_count=25252 6914 103939 56307 1209 16829 2911 67957 98756 4820 6686 4278 17291 871 139 98666 64047 9248 79659 86751 1278 14362 360 268 16735 1601 972 100 44298 399 431
internal_value=-7.22489e-13 -0.000585182 -0.000723492 0.0011487 -0.000374961 -0.0005451 0.00119749 0.000857673 -0.000421349 0.00131574 0.00182165 -0.00133453 -0.00895252 -0.00651581 -0.000558766 -0.00145463 0.00208777 0.000722962 -0.000400825 0.00235445 0.00186545 0.00259892 0.00711146 0.00109514 0.00284972 0.00334617 -0.00742601 0.000254921 -0.0125717 -0.00752847
internal_weight=833334 552086 510099 281248 324822 295123 279469 202264 290842 29699 23013 185277 4281 1779 241724 167986 77205 178415 185417 18735 23849 17457 628 41987 9487 7886 3011 49118 1270 1640
internal_count=833334 552086 510099 281248 324822 295123 279469 202264 290842 29699 23013 185277 4281 1779 241724 167986 77205 178415 185417 18735 23849 17457 628 41987 9487 7886 3011 49118 1270 1640
is_linear=0
shrinkage=0.01


Tree=75
num_leaves=31
num_cat=0
split_feature=13 5 12 13 13 13 33 34 13 12 35 36 2 14 28 13 23 30 0 32 2 5 13 28 23 38 5 33 38 21
split_gain=5493.73 1291.1 3857.24 1143.14 1267.27 552.604 421.789 420.486 387.845 343.325 300.236 215.205 213.657 212.382 196.805 174.463 168.655 168.285 154.241 148.781 141.437 131.606 130.934 118.362 114.495 113.931 111.796 110.602 107.83 107.803
threshold=1.8596517322396171 1.0000000180025095e-35 1.0000000180025095e-35 1.3891652284438027 1.0000000180025095e-35 2.4115740170006967 1.0000000180025095e-35 1.0000000180025095e-35 0.89220291535796681 1.0000000180025095e-35 1.0000000180025095e-35 1.0000000180025095e-35 1.0000000180025095e-35 1.0000000180025095e-35 1.4885124381371986 1.3476834535525348 1.0000000180025095e-35 1.0000000180025095e-35 0.78656609248549303 1.0000000180025095e-35 1.0000000180025095e-35 1.0000000180025095e-35 1.6190636090466699 1.3948823706269662 1.0000000180025095e-35 1.0000000180025095e-35 1.0000000180025095e-35 1.0000000180025095e-35 1.0000000180025095e-35 6.5000000000000009
decision_type=2 2 2 2 2 2 2 2 2 2 2 2 2 2 2 2 2 8 2 2 2 2 2 2 2 2 2 2 2 2
left_child=1 2 3 4 -1 9 7 11 24 13 23 15 -10 14 17 -3 20 -2 29 -14 -5 -15 -22 27 -6 -12 -7 -4 -23 -17
right_child=5 6 10 16 8 26 -8 -9 12 -11 25 -13 19 21 -16 18 -18 -19 -20 -21 22 28 -24 -25 -26 -27 -28 -29 -30 -31
leaf_value=0.0013876587101245873 0.0023390872861030658 0.0014152814259628845 -0.0063727430681682551 0.0013155507891342625 -0.0014034436260199404 0.0021770427054058727 -0.00062281027783811786 -0.00056067295238032241 0.00011164459108272322 -0.006773355027240021 -0.014525634308815887 -0.00089262945599342014 -0.00077071869654251311 0.0015209989377645788 0.0017903872739497935 0.013577889009982675 -0.00059756425981833609 0.00065888521970922001 0.0081086087358072604 -0.0014320832571410567 -0.00018748067527351868 0.0046325968402925492 0.00036560122309372406 -0.0022337599825343968 -0.0022609924472180472 -0.0092308398363153063 0.0036179928003236741 -0.0099469326551592848 0.0019962260739576519 0.0026619158029353037
leaf_weight=22620 6343 15136 1971 9895 86475 36837 12481 8197 22224 549 1010 2446 146360 37354 22499 91 35855 98991 551 44313 86588 2618 84646 405 18988 680 6306 1544 3808 15553
leaf_count=22620 6343 15136 1971 9895 86475 36837 12481 8197 22224 549 1010 2446 146360 37354 22499 91 35855 98991 551 44313 86588 2618 84646 405 18988 680 6306 1544 3808 15553
internal_value=1.31366e-12 -0.000479233 -0.000621308 -0.000538354 -0.000899427 0.00137563 0.000991156 0.00147107 -0.00106193 0.00112202 -0.00887189 0.00196413 -0.000816268 0.00114728 0.000941404 0.00218716 2.90566e-05 0.000760064 0.00290856 -0.000924422 0.000153098 0.0017484 8.5924e-05 -0.00735291 -0.00155784 -0.0123952 0.00238766 -0.00794274 0.0030703 0.00272541
internal_weight=833334 618029 563574 557964 340980 215305 54455 41974 318360 172162 5610 33777 212897 171613 127833 31331 216984 105334 16195 190673 181129 43780 171234 3920 105463 1690 43143 3515 6426 15644
internal_count=833334 618029 563574 557964 340980 215305 54455 41974 318360 172162 5610 33777 212897 171613 127833 31331 216984 105334 16195 190673 181129 43780 171234 3920 105463 1690 43143 3515 6426 15644
is_linear=0
shrinkage=0.01


Tree=76
num_leaves=31
num_cat=0
split_feature=13 28 13 12 5 12 13 28 28 12 2 2 35 5 14 38 14 33 34 13 0 28 28 38 14 28 13 12 13 36
split_gain=5384.46 1240.17 1048.6 1012.71 867.789 2921.24 817.003 299.008 230.563 229.158 226.162 218.89 216.836 207.451 195.342 172.634 163.447 147.915 183.796 139.796 135.325 126.721 139.257 122.951 118.461 115.585 112.839 115.241 110.383 110.34
threshold=1.7196367007211772 1.0000000180025095e-35 1.1424696590093568 1.0000000180025095e-35 1.0000000180025095e-35 1.0000000180025095e-35 2.1430616707563002 1.3674937235443207 1.0481957873917065 1.0000000180025095e-35 1.0000000180025095e-35 1.0000000180025095e-35 1.0000000180025095e-35 1.0000000180025095e-35 1.0000000180025095e-35 1.0000000180025095e-35 1.0000000180025095e-35 1.0000000180025095e-35 1.0000000180025095e-35 2.4484587545498933 0.78656609248549303 1.4349654634956897 1.0000000180025095e-35 1.0000000180025095e-35 1.0000000180025095e-35 1.8114803905023193 0.7530656430504058 1.0000000180025095e-35 0.2307147380127984 1.0000000180025095e-35
decision_type=2 2 2 2 2 2 2 2 2 2 2 2 2 2 2 2 2 2 2 2 2 2 2 2 2 2 2 2 2 2
left_child=1 28 7 6 5 8 11 14 16 17 15 23 -7 -5 26 -8 -4 18 29 -12 -11 22 -13 -2 -24 -10 -3 -28 -1 -6
right_child=3 2 4 13 9 12 10 -9 25 20 19 21 -14 -15 -16 -17 -18 -19 -20 -21 -22 -23 24 -25 -26 -27 27 -29 -30 -31
leaf_value=0.0014956735996174693 0.0026869601601148241 -0.0020649626610535648 -0.00076009695361233323 -0.0073889799390359787 0.0022691564485555061 -0.0073185268900044509 0.0042358557524042901 -8.6185270872339047e-05 -3.2170041123602901e-05 0.0032731715192962116 0.0014018983529933164 0.001860526986002577 -0.012325688460319246 0.0053348142058059255 -0.00095613650735978343 0.0020524031672478679 -0.00012600229301274705 -0.00033791601839756251 -0.00044392678178035386 0.0022254655530082289 0.012436819413550111 0.0012885401666814899 0.00022481287658338285 0.0010926351991924243 0.0009376661330224408 0.0013063538010866702 -0.001392244260555213 -0.011925461314475307 0.00044842880455769196 -0.00093374735153221899
leaf_weight=25252 7992 37828 127403 1640 12831 2989 6441 20176 70709 3471 62352 7013 1217 139 72674 8271 59699 6107 3941 30788 169 23573 89230 12253 31556 7099 82508 104 16735 1174
leaf_count=25252 7992 37828 127403 1640 12831 2989 6441 20176 70709 3471 62352 7013 1217 139 72674 8271 59699 6107 3941 30788 169 23573 89230 12253 31556 7099 82508 104 16735 1174
internal_value=1.55065e-12 -0.000573724 -0.000709702 0.00112621 -0.000325354 -0.000498808 0.00117409 -0.00124455 -0.000367528 0.00136024 0.00185613 0.000745462 -0.00876734 -0.00639482 -0.00136557 0.00300833 -0.000557775 0.00100637 0.00146383 0.00167413 0.00369863 0.000614854 0.00049059 0.00172202 0.00041105 8.99534e-05 -0.00161263 -0.0014055 0.00107827 0.00200067
internal_weight=833334 552086 510099 281248 296809 269116 279469 213290 264910 27693 107852 171617 4206 1779 193114 14712 187102 24053 17946 93140 3640 151372 127799 20245 120786 77808 120440 82612 41987 14005
internal_count=833334 552086 510099 281248 296809 269116 279469 213290 264910 27693 107852 171617 4206 1779 193114 14712 187102 24053 17946 93140 3640 151372 127799 20245 120786 77808 120440 82612 41987 14005
is_linear=0
shrinkage=0.01


Tree=77
num_leaves=31
num_cat=0
split_feature=13 5 12 13 13 13 33 34 13 12 35 2 36 14 23 28 13 32 28 28 0 14 5 13 1 28 7 28 38 33
split_gain=5283.81 1246.58 3711.41 1104.99 1248.86 532.296 408.603 407.167 336.287 324.388 290.546 227.027 208.43 199.023 181.185 178 165.222 158.895 153.361 150.832 149.5 141.952 123.209 120.976 116.568 116.496 115.872 115.277 111.27 108.372
threshold=1.8596517322396171 1.0000000180025095e-35 1.0000000180025095e-35 1.3536420205049211 1.0000000180025095e-35 2.377182230124077 1.0000000180025095e-35 1.0000000180025095e-35 0.77725849676717196 1.0000000180025095e-35 1.0000000180025095e-35 1.0000000180025095e-35 1.0000000180025095e-35 1.0000000180025095e-35 1.0000000180025095e-35 1.4885124381371986 1.3476834535525348 1.0000000180025095e-35 1.0000000180025095e-35 1.5643359330496931 0.78656609248549303 1.0000000180025095e-35 1.0000000180025095e-35 2.7904593368717907 1.0000000180025095e-35 1.0000000180025095e-35 3.5000000000000004 1.3948823706269662 1.0000000180025095e-35 1.0000000180025095e-35
decision_type=2 2 2 2 2 2 2 2 2 2 2 2 2 2 2 2 2 2 2 2 2 2 2 2 2 2 2 2 2 2
left_child=1 2 3 4 -1 9 7 12 -6 13 27 24 16 15 19 18 -3 26 -2 21 -18 25 -15 -7 -10 -5 -13 29 -12 -4
right_child=5 6 10 14 8 23 -8 -9 11 -11 28 17 -14 22 -16 -17 20 -19 -20 -21 -22 -23 -24 -25 -26 -27 -28 -29 -30 -31
leaf_value=0.0013589023925438929 0.0022665505899687665 0.0014006995388860959 -0.0062364568356339523 0.0012838952109544184 -0.0016726163767954538 0.0020717203616129592 -0.00061371033029116416 -0.00055212667916072127 0.0030295074357411036 -0.0067186220500544264 -0.014274104157767009 -0.0011388547378651801 -0.00087906598849187792 0.0014716492161491815 -0.00063045042702756236 0.0017269527719920204 0.0026735826044754635 -0.0015073064513190036 0.00062641231225772881 0.0010850454187607841 0.0079734010891329681 0.00049064177242473419 0.0030024459049339766 0.0035622150438565266 -0.00014877869750053613 -0.00019795626884684236 -0.00059222143332780862 -0.0021564512326853512 -0.0090415193476878538 -0.0097744215954933145
leaf_weight=22620 6063 15136 1971 5540 72177 43244 12481 8197 1212 532 1010 72522 2446 36140 38737 21446 15644 47483 95497 14903 551 50157 6153 6230 24101 125170 83342 405 680 1544
leaf_count=22620 6063 15136 1971 5540 72177 43244 12481 8197 1212 532 1010 72522 2446 36140 38737 21446 15644 47483 95497 14903 551 50157 6153 6230 24101 125170 83342 405 680 1544
internal_value=-4.44178e-13 -0.000469988 -0.000609592 -0.00052822 -0.000907139 0.00134909 0.000974826 0.00144718 -0.00107752 0.00107751 -0.00870271 -0.00088968 0.00193237 0.0011026 -5.57601e-06 0.000899134 0.00215186 -0.00100085 0.000724326 0.000118068 0.0028539 3.83913e-05 0.00169436 0.00225941 3.39935e-06 -0.00013515 -0.000846565 -0.00720845 -0.0121687 -0.00779054
internal_weight=833334 618029 563574 557964 323457 215305 54455 41974 300837 165831 5610 228660 33777 165299 234507 123006 31331 203347 101560 195770 16195 180867 42293 49474 25313 130710 155864 3920 1690 3515
internal_count=833334 618029 563574 557964 323457 215305 54455 41974 300837 165831 5610 228660 33777 165299 234507 123006 31331 203347 101560 195770 16195 180867 42293 49474 25313 130710 155864 3920 1690 3515
is_linear=0
shrinkage=0.01


Tree=78
num_leaves=31
num_cat=0
split_feature=13 28 13 12 5 12 13 28 28 33 34 2 35 2 5 2 14 38 36 13 28 13 0 21 30 38 32 13 40 31
split_gain=5180.08 1197.01 1013.02 975.316 864.41 2831.06 787.383 258.172 250.094 241.061 264.271 220.167 218.829 211.897 200.302 181.128 171.191 169.167 141.514 133.695 128.947 128.693 124.668 124.237 121.833 119.601 113.688 105.333 105.131 103.979
threshold=1.7196367007211772 1.0000000180025095e-35 1.0799390089850902 1.0000000180025095e-35 1.0000000180025095e-35 1.0000000180025095e-35 2.1430616707563002 1.0481957873917065 1.5643359330496931 1.0000000180025095e-35 1.0000000180025095e-35 1.0000000180025095e-35 1.0000000180025095e-35 1.0000000180025095e-35 1.0000000180025095e-35 1.0000000180025095e-35 1.0000000180025095e-35 1.0000000180025095e-35 1.0000000180025095e-35 2.46915829192403 1.8114803905023193 0.56616567851402855 0.78656609248549303 12.500000000000002 0.55995448138535064 1.0000000180025095e-35 -0.37940952255126065 0.2307147380127984 1.0000000180025095e-35 1.0000000180025095e-35
decision_type=2 2 2 2 2 2 2 2 2 2 2 2 2 2 2 2 2 2 2 2 2 2 2 2 10 2 2 2 2 2
left_child=1 27 8 6 5 7 13 16 15 10 18 17 29 25 -5 -3 26 -8 22 -13 -9 -17 -6 -15 -24 -2 -4 -1 -23 -7
right_child=3 2 4 14 9 12 11 20 -10 -11 -12 19 -14 23 -16 21 -18 -19 -20 -21 -22 28 24 -25 -26 -27 -28 -29 -30 -31
leaf_value=0.0014680044017420825 0.0026433621913325199 -0.00076495534768793172 -0.00060094136625324433 -0.0072531036038559343 0.0023360136717700971 -0.0074723721021128856 0.004173140641624367 -6.0921232922477443e-05 0.00028702908721433022 -0.0004050388745900945 -0.00049052952724160787 0.0013927200183860634 -0.012077522473372189 8.6377301009431061e-05 0.0052495128911812699 -0.0022549097750242798 -0.00017803942340496298 0.002011726370157891 -0.00094801615415168684 0.0022183380773572112 0.0013048719588885165 -0.0012731361443502718 0.010674205975283662 0.0007614002041037135 0.0017689920706785659 0.0010709121029764263 -0.0012154833061719338 0.00044499851278819119 -0.0020707443563658182 0.0028983044490218162
leaf_weight=25252 7992 38391 96106 1640 16829 2911 6441 76531 9580 6686 4278 65062 1270 35672 139 21376 66773 8271 1278 28078 7599 95967 360 115700 268 12253 43833 16735 19963 100
leaf_count=25252 7992 38391 96106 1640 16829 2911 6441 76531 9580 6686 4278 65062 1270 35672 139 21376 66773 8271 1278 28078 7599 95967 360 115700 268 12253 43833 16735 19963 100
internal_value=-2.89666e-12 -0.00056273 -0.000696321 0.00110463 -0.000359755 -0.000523402 0.00115162 -0.000404574 -0.00128638 0.00126642 0.00175203 0.00182118 -0.00859629 0.00073083 -0.00627623 -0.00137217 -0.000594647 0.00295801 0.00226411 0.00164161 6.24434e-05 -0.00154194 0.00249926 0.000602326 0.00687389 0.00169166 -0.000793434 0.00106026 -0.00141048 -0.00712795
internal_weight=833334 552086 510099 281248 324822 295123 279469 290842 185277 29699 23013 107852 4281 171617 1779 175697 206712 14712 18735 93140 84130 137306 17457 151372 628 20245 139939 41987 115930 3011
internal_count=833334 552086 510099 281248 324822 295123 279469 290842 185277 29699 23013 107852 4281 171617 1779 175697 206712 14712 18735 93140 84130 137306 17457 151372 628 20245 139939 41987 115930 3011
is_linear=0
shrinkage=0.01


Tree=79
num_leaves=31
num_cat=0
split_feature=13 5 12 13 13 13 33 34 13 12 35 36 14 28 2 13 2 32 28 0 23 2 32 5 13 28 7 28 33 21
split_gain=5082.19 1200.79 3572.28 1068.94 1151.36 512.16 395.591 394.093 391.347 311.225 281.186 201.765 194.84 174.074 170.159 157.726 157.456 157.511 150.131 144.142 143.16 123.794 122.762 118.769 118.021 112.329 111.516 109.19 106.098 105.449
threshold=1.8596517322396171 1.0000000180025095e-35 1.0000000180025095e-35 1.4135446682119426 1.0000000180025095e-35 2.377182230124077 1.0000000180025095e-35 1.0000000180025095e-35 1.0041184254615352 1.0000000180025095e-35 1.0000000180025095e-35 1.0000000180025095e-35 1.0000000180025095e-35 1.4885124381371986 1.0000000180025095e-35 1.3476834535525348 1.0000000180025095e-35 -0.37940952255126065 1.0000000180025095e-35 0.78656609248549303 1.0000000180025095e-35 1.0000000180025095e-35 -0.37940952255126065 1.0000000180025095e-35 2.7904593368717907 1.3948823706269662 3.5000000000000004 1.2396777184720602 1.0000000180025095e-35 6.5000000000000009
decision_type=2 2 2 2 2 2 2 2 2 2 2 2 2 2 2 2 2 2 2 2 2 2 2 2 2 2 2 2 2 2
left_child=1 2 3 4 -1 9 7 11 20 12 25 15 13 18 -10 -3 -5 26 -2 29 21 -6 -16 -14 -7 28 -18 -12 -4 -17
right_child=5 6 10 16 8 24 -8 -9 14 -11 27 -13 23 -15 22 19 17 -19 -20 -21 -22 -23 -24 -25 -26 -27 -28 -29 -30 -31
leaf_value=0.0013307116169838443 0.002232993207408582 0.0013812361199994141 -0.0061048262360371567 0.0012314115802294259 -0.0005148530319598754 0.0020306527914849383 -0.0006059416629203597 -0.00054507530846102572 0.00021304111452092768 -0.0065796096433790863 -0.013616323989676431 -0.00086691613153208548 0.0014481297483262584 0.0016986024223729465 -0.00060956167866791679 0.013357334080469376 -0.00014099960558803303 -0.00041630914668536352 0.00061021956767029896 0.0078280138711025841 -0.0020686953170128254 -0.0013872796658627807 -0.0011884523438382196 0.0029510900210356836 0.003502835034066933 -0.0020809396574745114 0.00044815401834917757 -0.008075798053975073 -0.0096054804286433738 0.0025612322471043024
leaf_weight=22620 6063 15136 1971 10795 19433 43244 12481 8197 18493 532 1181 2446 36140 21446 112571 91 57224 63868 95497 551 25642 99756 54305 6153 6230 405 73257 509 1544 15553
leaf_count=22620 6063 15136 1971 10795 19433 43244 12481 8197 18493 532 1181 2446 36140 21446 112571 91 57224 63868 95497 551 25642 99756 54305 6153 6230 405 73257 509 1544 15553
internal_value=-3.42663e-12 -0.000460934 -0.00059795 -0.000518118 -0.000851872 0.0013231 0.000957098 0.00142187 -0.00100139 0.0010567 -0.00853792 0.00189921 0.00108128 0.000879965 -0.000697086 0.00211516 5.5893e-05 -9.40049e-06 0.000707097 0.00280109 -0.00139086 -0.00124504 -0.000797945 0.00166679 0.00221604 -0.00706792 0.000189774 -0.0119476 -0.00764252 0.00262403
internal_weight=833334 618029 563574 557964 352820 215305 54455 41974 330200 165831 5610 33777 165299 123006 185369 31331 205144 194349 101560 16195 144831 119189 166876 42293 49474 3920 130481 1690 3515 15644
internal_count=833334 618029 563574 557964 352820 215305 54455 41974 330200 165831 5610 33777 165299 123006 185369 31331 205144 194349 101560 16195 144831 119189 166876 42293 49474 3920 130481 1690 3515 15644
is_linear=0
shrinkage=0.01


Tree=80
num_leaves=31
num_cat=0
split_feature=13 28 13 12 5 12 13 28 2 28 12 35 5 14 2 38 14 28 38 32 0 38 13 12 28 14 33 28 34 31
split_gain=4982.9 1157.19 975.727 939.491 802.94 2692.42 759.195 287.904 231.281 219.597 215.502 200.083 193.076 190.914 181.726 160.113 155.679 139.514 136.322 135.448 127.212 125.254 111.03 117.288 110.304 105.313 104.042 103.299 102.854 102.023
threshold=1.7196367007211772 1.0000000180025095e-35 1.1424696590093568 1.0000000180025095e-35 1.0000000180025095e-35 1.0000000180025095e-35 2.205578473534255 1.4557038056921707 1.0000000180025095e-35 1.0481957873917065 1.0000000180025095e-35 1.0000000180025095e-35 1.0000000180025095e-35 1.0000000180025095e-35 1.0000000180025095e-35 1.0000000180025095e-35 1.0000000180025095e-35 1.8952933147216802 1.0000000180025095e-35 -1.0000000180025095e-35 0.78656609248549303 1.0000000180025095e-35 0.7530656430504058 1.0000000180025095e-35 1.8952933147216802 1.0000000180025095e-35 1.0000000180025095e-35 1.1898231571485796 1.0000000180025095e-35 1.0000000180025095e-35
decision_type=2 2 2 2 2 2 2 2 2 2 2 2 2 2 2 2 2 2 2 2 2 2 2 2 2 2 2 2 2 2
left_child=1 -1 7 6 5 9 8 13 21 16 18 29 -5 22 15 -8 -4 19 -6 25 -12 26 -3 -24 -11 -10 28 -13 -2 -7
right_child=3 2 4 12 10 11 14 -9 17 24 20 27 -14 -15 -16 -17 -18 -19 -20 -21 -22 -23 23 -25 -26 -27 -28 -29 -30 -31
leaf_value=0.0010438451473934766 0.0035824746682493725 -0.0019844070737449473 -0.00073645046570111855 -0.0071197239273464129 0.001779841741515012 -0.0073676727656016216 0.0042708684720748494 0.00011072708110946162 0.00058325088040354824 -5.8311668081331096e-06 0.0031640161651973349 -0.013535142292459352 0.0051553053610536052 -0.00089937846719270699 0.0017067117300035215 0.001998825019667486 -0.00011760621217582151 0.0022011238842087754 0.00026955975900569873 6.7196909474480317e-05 0.012048748336159265 0.001120290383070735 -0.0013260391187681791 -0.011566136694579785 0.0015254784137045546 0.0012576799715473617 0.00026984498240179093 -0.0068413809614563453 -3.6612576747107918e-05 0.0029562820983354493
leaf_weight=41987 6457 38908 127403 1640 11087 2890 5560 15555 93386 72779 3471 908 139 73755 76916 7015 59699 5565 12966 37859 169 13509 84960 112 5029 30786 1522 309 894 99
leaf_count=41987 6457 38908 127403 1640 11087 2890 5560 15555 93386 72779 3471 908 139 73755 76916 7015 59699 5565 12966 37859 169 13509 84960 112 5029 30786 1522 309 894 99
internal_value=4.5988e-13 -0.000551916 -0.000683266 0.0010834 -0.000312513 -0.00047936 0.00112952 -0.00119919 0.000771793 -0.000353327 0.00130888 -0.00841745 -0.00616063 -0.00130224 0.00188892 0.0030034 -0.000538995 0.000644285 0.00096571 0.000590815 0.00357652 0.00172657 -0.0015419 -0.00133952 9.31427e-05 0.000750462 0.00264961 -0.0118356 0.00314234 -0.00702573
internal_weight=833334 552086 510099 281248 296809 269116 279469 213290 189978 264910 27693 4206 1779 197735 89491 12575 187102 167596 24053 162031 3640 22382 123980 85072 77808 124172 8873 1217 7351 2989
internal_count=833334 552086 510099 281248 296809 269116 279469 213290 189978 264910 27693 4206 1779 197735 89491 12575 187102 167596 24053 162031 3640 22382 123980 85072 77808 124172 8873 1217 7351 2989
is_linear=0
shrinkage=0.01


Tree=81
num_leaves=31
num_cat=0
split_feature=13 5 12 13 30 13 33 34 13 12 35 36 14 28 2 28 2 32 13 0 2 21 5 28 7 32 38 13 33 21
split_gain=4889.32 1159.23 3437.18 1031.72 1110.33 495.391 385.105 383.614 376.571 303.234 272.099 196.792 196.525 181.575 173.113 156.525 154.178 153.774 149.523 139.719 135.241 126.054 118.712 109.372 109.13 107.66 106.814 105.852 103.912 103.182
threshold=1.8596517322396171 1.0000000180025095e-35 1.0000000180025095e-35 1.4135446682119426 inf 2.4115740170006967 1.0000000180025095e-35 1.0000000180025095e-35 0.98001640514797528 1.0000000180025095e-35 1.0000000180025095e-35 1.0000000180025095e-35 1.0000000180025095e-35 1.4885124381371986 1.0000000180025095e-35 1.0000000180025095e-35 1.0000000180025095e-35 -0.37940952255126065 1.3476834535525348 0.78656609248549303 1.0000000180025095e-35 12.500000000000002 1.0000000180025095e-35 1.3948823706269662 3.5000000000000004 1.0000000180025095e-35 1.0000000180025095e-35 2.8959395618180985 1.0000000180025095e-35 6.5000000000000009
decision_type=2 2 2 2 8 2 2 2 2 2 2 2 2 2 2 2 2 2 2 2 2 2 2 2 2 2 2 2 2 2
left_child=1 2 3 4 8 9 7 11 20 12 23 18 13 15 -10 -2 -5 24 -3 29 -1 -16 -14 28 -18 -22 -12 -7 -4 -20
right_child=5 6 10 16 -6 27 -8 -9 14 -11 26 -13 22 -15 21 -17 17 -19 19 -21 25 -23 -24 -25 -26 -27 -28 -29 -30 -31
leaf_value=-0.00068012554774180033 0.0022319988152913798 0.0013693808293830764 -0.0059742773896812561 0.0012187309062216705 0.0013070307865425449 0.0021177602464045519 -0.00060101268379900857 -0.00054087779435333977 0.00019131150934406077 -0.0063624585891555565 -0.0137920915690691 -0.00086112924694083256 0.0014436418875983651 0.0016988012814041862 -0.0012829910281558794 0.0006115679125085644 -0.00013951769679401 -0.00041115180840497909 0.013194833205460194 0.0077010124653430758 -0.0013521617023172137 -0.00065138282280819044 0.0029150959621930912 -0.0020081572188869303 0.00044329894609596444 -0.002068349422988564 -0.0086653376410249627 0.0040312652911546143 -0.0094386829662835223 0.002515377925661086
leaf_weight=22541 6343 15136 1971 10795 22620 40027 12481 8197 19553 549 1010 2446 37354 22499 41390 98991 57224 63868 91 551 85316 133562 6426 405 73257 27838 680 3116 1544 15553
leaf_count=22541 6343 15136 1971 10795 22620 40027 12481 8197 19553 549 1010 2446 37354 22499 41390 98991 57224 63868 91 551 85316 133562 6426 405 73257 27838 680 3116 1544 15553
internal_value=1.86992e-12 -0.000452103 -0.000586727 -0.00050842 -0.000836312 0.00129775 0.000941171 0.00139974 -0.00098314 0.00105763 -0.00837511 0.00187069 0.00108137 0.000883329 -0.000701073 0.000709147 5.5511e-05 -9.09937e-06 0.00208396 0.00275182 -0.00138745 -0.000800808 0.00165962 -0.00692906 0.000187698 -0.00152836 -0.0117293 0.00225596 -0.00749605 0.0025775
internal_weight=833334 618029 563574 557964 352820 215305 54455 41974 330200 172162 5610 33777 171613 127833 194505 105334 205144 194349 31331 16195 135695 174952 43780 3920 130481 113154 1690 43143 3515 15644
internal_count=833334 618029 563574 557964 352820 215305 54455 41974 330200 172162 5610 33777 171613 127833 194505 105334 205144 194349 31331 16195 135695 174952 43780 3920 130481 113154 1690 43143 3515 15644
is_linear=0
shrinkage=0.01


Tree=82
num_leaves=31
num_cat=0
split_feature=13 28 13 12 5 12 13 28 28 33 34 2 35 2 5 14 38 14 13 36 28 0 30 28 32 13 38 31 2 35
split_gain=4793.21 1118.7 940.18 904.914 792.617 2616.47 734.52 250.196 242.805 219.6 240.089 218.579 205.796 189.247 186.098 174.252 171.932 164.649 136.413 129.528 121.131 114.13 115.602 112.814 110.165 105.119 104.964 99.1134 98.991 98.1814
threshold=1.7196367007211772 1.0000000180025095e-35 1.0941021191754861 1.0000000180025095e-35 1.0000000180025095e-35 1.0000000180025095e-35 2.1139033512243661 1.4557038056921707 1.0481957873917065 1.0000000180025095e-35 1.0000000180025095e-35 1.0000000180025095e-35 1.0000000180025095e-35 1.0000000180025095e-35 1.0000000180025095e-35 1.0000000180025095e-35 1.0000000180025095e-35 1.0000000180025095e-35 2.4484587545498933 1.0000000180025095e-35 1.8114803905023193 0.78656609248549303 0.53792715123926005 1.8364937973931672 -1.0000000180025095e-35 1.4948123803045086 1.0000000180025095e-35 1.0000000180025095e-35 1.0000000180025095e-35 1.0000000180025095e-35
decision_type=2 2 2 2 2 2 2 2 2 2 2 2 2 2 2 2 2 2 2 2 2 2 10 2 2 2 2 2 2 2
left_child=1 -1 7 6 5 8 13 15 17 10 19 16 27 26 29 -3 -8 25 -13 21 28 -6 -23 24 -15 -4 -2 -7 -10 -5
right_child=3 2 4 14 9 12 11 -9 20 -11 -12 18 -14 23 -16 -17 -18 -19 -20 -21 -22 22 -24 -25 -26 -27 -28 -29 -30 -31
leaf_value=0.0010276897434828359 0.0025219332163738586 -0.0015684190945230506 -0.00096688208203015151 -0.0055276085627245057 0.0022552745214987234 -0.0071803237391124541 0.0039957447204633876 7.3118776893923434e-05 0.0010754078740869196 -0.00038173534101636593 -0.00046251456646755935 0.0012985621769786768 -0.011657014682376739 0.0006462930601390316 0.0050626699923932983 -0.00092209040519541919 0.0018904531032731642 -0.00015282995984279533 0.002096431368165098 -0.00090811318628992934 0.0012885183159640566 0.010593631472057453 0.0019019836743629052 0.0019151768786593887 -2.3058414487601476e-05 -0.00038681265265800766 0.0010081785155967699 0.0029943538705507916 -0.00016182893576728038 -0.0110864544572555
leaf_weight=41987 7567 110760 89000 1209 16633 2907 6866 13793 7145 6555 4200 70490 1262 105372 139 66913 8917 65189 30788 1261 7497 336 281 5789 32073 48138 11607 99 68130 431
leaf_count=41987 7567 110760 89000 1209 16633 2907 6866 13793 7145 6555 4200 70490 1262 105372 139 66913 8917 65189 30788 1261 7497 336 281 5789 32073 48138 11607 99 68130 431
internal_value=-1.95243e-12 -0.000541309 -0.000670456 0.00106258 -0.000337659 -0.000496274 0.00110784 -0.00122429 -0.000379929 0.00123064 0.00169602 0.00171169 -0.00826802 0.00067259 -0.0060469 -0.00132501 0.00280631 -0.000566586 0.00154111 0.00218577 7.63351e-05 0.00241194 0.0066352 0.000547695 0.000490099 -0.000763267 0.00160558 -0.00684523 -4.43921e-05 -0.0069885
internal_weight=833334 552086 510099 281248 318633 289367 279469 191466 285099 29266 22711 117061 4268 162408 1779 177673 15783 202327 101278 18511 82772 17250 617 143234 137445 137138 19174 3006 75275 1640
internal_count=833334 552086 510099 281248 318633 289367 279469 191466 285099 29266 22711 117061 4268 162408 1779 177673 15783 202327 101278 18511 82772 17250 617 143234 137445 137138 19174 3006 75275 1640
is_linear=0
shrinkage=0.01


Tree=83
num_leaves=31
num_cat=0
split_feature=13 5 12 13 30 13 33 34 13 12 35 2 36 14 28 23 32 13 0 28 2 7 14 31 1 33 5 38 13 38
split_gain=4702.75 1124.25 3312.49 1030.86 1070.42 453.782 374.377 379.4 364.264 293.707 265.897 221.309 192.762 189.597 170.425 154.003 153.126 145.506 151.646 133.885 125.268 118.021 114.41 113.407 112.897 109.268 108.401 105.672 103.522 98.348
threshold=1.8743374190450213 1.0000000180025095e-35 1.0000000180025095e-35 1.4135446682119426 inf 2.4115740170006967 1.0000000180025095e-35 1.0000000180025095e-35 0.84221350528399996 1.0000000180025095e-35 1.0000000180025095e-35 1.0000000180025095e-35 1.0000000180025095e-35 1.0000000180025095e-35 1.7233913985289542 1.0000000180025095e-35 1.0000000180025095e-35 1.4256352521369882 0.60355339059327384 1.0000000180025095e-35 1.0000000180025095e-35 3.5000000000000004 1.0000000180025095e-35 1.0000000180025095e-35 1.0000000180025095e-35 1.0000000180025095e-35 1.0000000180025095e-35 1.0000000180025095e-35 2.8959395618180985 1.0000000180025095e-35
decision_type=2 2 2 2 8 2 2 2 2 2 2 2 2 2 2 2 2 2 2 2 2 2 2 2 2 2 2 2 2 2
left_child=1 2 3 4 8 9 7 12 -1 13 23 24 17 14 19 20 21 -3 -19 -2 -5 -13 -22 25 -10 -4 -15 -12 -7 -28
right_child=5 6 10 15 -6 28 -8 -9 11 -11 27 16 -14 26 -16 -17 -18 18 -20 -21 22 -23 -24 -25 -26 -27 29 -29 -30 -31
leaf_value=-0.0015069002663079068 0.0022078083761768153 0.0014173118253599257 -0.0056143121578928739 0.0013175665624228373 0.0012837403271127885 0.0020758822530090744 -0.00057923501023372044 -0.00053482538878411889 0.0030360922656229752 -0.006428040431535195 -0.013550896264908421 -0.0010061806842280834 -0.00083368306380951832 0.0014531861492355202 0.0020795609013031725 -0.00054527849739994551 -0.0013499167193395866 0.0024928622609041553 0.0063556334312404881 0.00068784819175223401 -3.7188572242283565e-05 -0.00046950313642817764 0.00055543088294679325 0.0028042800693462294 -2.9144211987136809e-05 -0.0090369841984445035 0.0044025280461803583 -0.0084668195482180287 0.003968208994933769 0.0018420130414109792
leaf_weight=90146 6130 16665 2195 9220 22620 40027 12648 8308 1265 522 1014 76390 2484 35817 10919 34780 50040 13820 1097 106096 122654 88388 44359 120 23971 1622 2529 685 3116 3687
leaf_count=90146 6130 16665 2195 9220 22620 40027 12648 8308 1265 522 1014 76390 2484 35817 10919 34780 50040 13820 1097 106096 122654 88388 44359 120 23971 1622 2529 685 3116 3687
internal_value=-1.23504e-12 -0.000434424 -0.00056631 -0.000490058 -0.000820734 0.00129903 0.000930585 0.00138124 -0.000964898 0.00106118 -0.00819469 -0.000761364 0.00184853 0.00108485 0.00088691 6.28407e-05 -0.000865432 0.0020595 0.00277693 0.000770871 0.000182854 -0.000718303 0.000120212 -0.00676782 0.000124506 -0.00706875 0.00166475 -0.0115011 0.00221256 0.00288377
internal_weight=833334 624491 569469 563833 352820 208843 55022 42374 330200 165700 5636 240054 34066 165178 123145 211013 214818 31582 14917 112226 176233 164778 167013 3937 25236 3817 42033 1699 43143 6216
internal_count=833334 624491 569469 563833 352820 208843 55022 42374 330200 165700 5636 240054 34066 165178 123145 211013 214818 31582 14917 112226 176233 164778 167013 3937 25236 3817 42033 1699 43143 6216
is_linear=0
shrinkage=0.01


Tree=84
num_leaves=31
num_cat=0
split_feature=13 12 28 13 13 5 12 5 28 2 28 38 2 35 21 38 14 14 13 32 28 38 13 2 28 28 28 14 2 14
split_gain=4611.5 1169.09 1080.06 817.479 775.055 699.973 2056.67 509.315 236.429 232.474 224.346 222.539 212.679 174.854 169.939 167.806 163.676 139.045 130.212 127.738 121.07 116.268 105.825 98.3727 95.5575 93.4817 92.1552 91.772 91.2289 88.4518
threshold=1.6777505482547028 1.0000000180025095e-35 1.0000000180025095e-35 1.0583109768398611 2.1139033512243661 1.0000000180025095e-35 1.0000000180025095e-35 1.0000000180025095e-35 1.2619364906458534 1.0000000180025095e-35 1.606333092449477 1.0000000180025095e-35 1.0000000180025095e-35 1.0000000180025095e-35 12.500000000000002 1.0000000180025095e-35 1.0000000180025095e-35 1.0000000180025095e-35 2.46915829192403 -1.0000000180025095e-35 1.3763702719530846 1.0000000180025095e-35 0.2307147380127984 1.0000000180025095e-35 1.8364937973931672 1.0000000180025095e-35 0.96755400776061329 1.0000000180025095e-35 1.0000000180025095e-35 1.0000000180025095e-35
decision_type=2 2 2 2 2 2 2 2 2 2 2 2 2 2 2 2 2 2 2 2 2 2 2 2 2 2 2 2 2 2
left_child=2 4 22 10 9 6 8 20 14 21 16 29 15 -8 -5 -6 26 28 -14 24 -3 -2 -1 -10 25 -11 -4 -27 -16 -7
right_child=1 7 3 5 12 11 13 -9 23 19 -12 -13 18 -15 17 -17 -18 -19 -20 -21 -22 -23 -24 -25 -26 27 -28 -29 -30 -31
leaf_value=0.0013958280047956654 0.0025040306813423601 -0.0085336398257855346 -0.0017507587080243963 -0.0010575520520273967 0.0039343687778945662 0.0011274421458165884 -0.0066147477785373299 0.0043387690312578601 0.0015763487606849306 0.0018307737300976676 0.00040100868185001927 0.00020246605747644133 0.0012892151558895279 -0.01141112401461415 0.00035466985607869318 0.001854496186967031 -0.00091477174242116707 -2.5245473385984492e-06 0.0020902377194428178 1.2473248165100495e-06 -0.0033781830807492357 0.001014332863125402 0.00035386255811067582 5.6662903424924504e-05 0.0021015891132688124 0.00038071801137230376 -0.0010999865503799168 0.0010391878750953577 -0.0006813848955465829 0.0026960984447819266
leaf_weight=25252 8682 1790 73955 54705 6866 6614 2430 453 4746 5954 7962 13707 73200 1106 9171 8917 63149 55080 28078 38145 611 13212 15875 41561 4453 84757 30832 28211 115986 7874
leaf_count=25252 8682 1790 73955 54705 6866 6614 2430 453 4746 5954 7962 13707 73200 1106 9171 8917 63149 55080 28078 38145 611 13212 15875 41561 4453 84757 30832 28211 115986 7874
internal_value=3.55129e-12 0.000983319 -0.000562767 -0.000693699 0.00104382 -0.000387143 -0.000535945 -0.00538676 -0.000440658 0.00063808 -0.00123916 0.00111584 0.00167955 -0.00811497 -0.000569378 0.00275929 -0.00131692 -0.000421209 0.00151129 0.000507005 -0.00722169 0.00160507 0.00099363 0.000212415 0.000663375 0.000609521 -0.00155928 0.000545155 -0.000605467 0.00197998
internal_weight=833334 303329 530005 488878 300475 312980 284785 2854 281249 183414 175898 28195 117061 3536 234942 15783 167936 180237 101278 161520 2401 21894 41127 46307 123375 118922 104787 112968 125157 14488
internal_count=833334 303329 530005 488878 300475 312980 284785 2854 281249 183414 175898 28195 117061 3536 234942 15783 167936 180237 101278 161520 2401 21894 41127 46307 123375 118922 104787 112968 125157 14488
is_linear=0
shrinkage=0.01


Tree=85
num_leaves=31
num_cat=0
split_feature=13 5 12 13 30 13 33 34 13 12 35 2 36 14 28 32 28 28 32 28 13 0 28 14 1 31 7 33 5 38
split_gain=4523.4 1084.64 3186.7 997.223 1072.92 436.715 364.915 369.755 299.139 282.715 258.011 212.278 188.107 184.589 169.453 174.517 166.747 153.677 154.145 141.538 139.004 148.478 127.614 122.937 113.824 111.144 110.69 106.925 104.668 103.127
threshold=1.8743374190450213 1.0000000180025095e-35 1.0000000180025095e-35 1.3536420205049211 inf 2.4115740170006967 1.0000000180025095e-35 1.0000000180025095e-35 0.7530656430504058 1.0000000180025095e-35 1.0000000180025095e-35 1.0000000180025095e-35 1.0000000180025095e-35 1.0000000180025095e-35 1.6216628771774368 -1.0000000180025095e-35 1.4885124381371986 1.7233913985289542 1.0000000180025095e-35 1.0000000180025095e-35 1.4256352521369882 0.60355339059327384 1.0000000180025095e-35 1.0000000180025095e-35 1.0000000180025095e-35 1.0000000180025095e-35 3.5000000000000004 1.0000000180025095e-35 1.0000000180025095e-35 1.0000000180025095e-35
decision_type=2 2 2 2 8 2 2 2 2 2 2 2 2 2 2 2 2 2 2 2 2 2 2 2 2 2 2 2 2 2
left_child=1 2 3 4 8 9 7 12 -1 13 25 24 20 16 15 22 19 18 26 -2 -3 -22 -5 -24 -10 27 -13 -4 -15 -12
right_child=5 6 10 14 -6 -7 -8 -9 11 -11 29 17 -14 28 -16 -17 -18 -19 -20 -21 21 -23 23 -25 -26 -27 -28 -29 -30 -31
leaf_value=-0.0015952995727308659 0.0021706176301921265 0.0014016551133879394 -0.0054913289766622816 0.0013448939630441332 0.0012570119545290308 0.0021701986004345223 -0.00057593093196100424 -0.00053194456392953611 0.0029572313104192804 -0.0063070643692673461 -0.013319702214768976 -0.0011195960697879897 -0.00082870553521920132 0.0014282074031611058 0.0010205498253615774 -0.0005657439271182582 0.0016613160999289825 0.00068818459794261003 -0.0014877527762674517 0.00060293168343413992 0.002449461902371366 0.0062716678078600478 -0.00013403252681102302 0.00048143496856480636 -0.00013371941407121487 0.0028439548673729106 -0.000585290853630857 -0.0088771105638139683 0.0028339409975183206 -0.0082972156615606189
leaf_weight=66138 6130 16665 2195 7759 22620 43143 12648 8308 1251 522 1014 72649 2484 35817 15437 52753 21831 5636 47012 95184 13820 1097 119932 44495 25000 120 83151 1622 6216 685
leaf_count=66138 6130 16665 2195 7759 22620 43143 12648 8308 1251 522 1014 72649 2484 35817 15437 52753 21831 5636 47012 95184 13820 1097 119932 44495 25000 120 83151 1622 6216 685
internal_value=3.70663e-12 -0.000426059 -0.000555602 -0.000480811 -0.000843353 0.00127402 0.000914687 0.00135961 -0.00100128 0.00104068 -0.00803773 -0.000833886 0.00182093 0.0010639 7.03577e-06 -6.25192e-05 0.000868598 -0.000940612 -0.000985875 0.000697784 0.00202933 0.00273055 9.16549e-05 3.25169e-05 1.35809e-05 -0.00663217 -0.000834436 -0.00693009 0.00163609 -0.0112947
internal_weight=833334 624491 569469 563833 323457 208843 55022 42374 300837 165700 5636 234699 34066 165178 240376 224939 123145 208448 202812 101314 31582 14917 172186 164427 26251 3937 155800 3817 42033 1699
internal_count=833334 624491 569469 563833 323457 208843 55022 42374 300837 165700 5636 234699 34066 165178 240376 224939 123145 208448 202812 101314 31582 14917 172186 164427 26251 3937 155800 3817 42033 1699
is_linear=0
shrinkage=0.01


Tree=86
num_leaves=31
num_cat=0
split_feature=13 12 28 13 13 5 12 5 28 2 28 38 2 35 38 14 14 13 21 28 6 38 32 13 28 28 28 28 14 14
split_gain=4439.08 1124.83 1042.23 788.942 746.409 672.932 1974.46 490.821 229.316 225.138 218.278 214.149 207.009 167.842 164.546 160.189 154.375 124.303 124.105 117.961 113.642 112.862 105.205 101.195 98.3667 92.6084 90.2178 89.9013 88.2049 85.9705
threshold=1.6777505482547028 1.0000000180025095e-35 1.0000000180025095e-35 1.0583109768398611 2.1139033512243661 1.0000000180025095e-35 1.0000000180025095e-35 1.0000000180025095e-35 1.1070763534244847 1.0000000180025095e-35 1.606333092449477 1.0000000180025095e-35 1.0000000180025095e-35 1.0000000180025095e-35 1.0000000180025095e-35 1.0000000180025095e-35 1.0000000180025095e-35 2.46915829192403 12.500000000000002 1.3763702719530846 1.0000000180025095e-35 1.0000000180025095e-35 -0.37940952255126065 0.2307147380127984 1.8952933147216802 1.8364937973931672 0.96755400776061329 1.0000000180025095e-35 1.0000000180025095e-35 1.0000000180025095e-35
decision_type=2 2 2 2 2 2 2 2 2 2 2 2 2 2 2 2 2 2 2 2 2 2 2 2 2 2 2 2 2 2
left_child=2 4 23 10 9 6 8 19 16 21 15 29 14 -8 -6 26 22 -14 -11 -3 24 -2 -5 -1 -10 27 -4 -20 -29 -7
right_child=1 7 3 5 12 11 13 -9 20 18 -12 -13 17 -15 -16 -17 -18 -19 25 -21 -22 -23 -24 -25 -26 -27 -28 28 -30 -31
leaf_value=0.0013700513898225969 0.002463242887062702 -0.0083798593203166464 -0.0017225416149007264 -0.00059845210582552214 0.0038768366085518043 0.0011012583578053313 -0.006481672734449476 0.0042637638552076463 -7.8180039039482056e-05 -1.5686123522245936e-06 0.000401215131688832 0.0001980684125766364 0.0012649982788386462 -0.01118089032989285 0.0018172631153936581 -0.00089548099720791893 -0.00020327806843003341 0.0020476333371321578 0.0017956947422030393 -0.003291019182736069 0.0042179658893776763 0.00099552593594866767 -0.0011813639961797018 0.00035113643691912398 0.0013891329409800269 0.0020669211415599046 -0.0010786463020220954 0.00037372704601392772 0.0010192730047331562 0.0026477557988954883
leaf_weight=25252 8682 1790 73955 98527 6866 6614 2430 453 64006 38145 7962 13707 73200 1106 8917 63149 67992 28078 5954 611 653 13212 45151 15875 4920 4453 30832 84757 28211 7874
leaf_count=25252 8682 1790 73955 98527 6866 6614 2430 453 64006 38145 7962 13707 73200 1106 8917 63149 67992 28078 5954 611 653 13212 45151 15875 4920 4453 30832 84757 28211 7874
internal_value=-1.17016e-12 0.000964761 -0.000552146 -0.000680765 0.00102411 -0.000379607 -0.000525507 -0.00528356 -0.000432143 0.000625935 -0.00121662 0.00109406 0.00164798 -0.00795151 0.00271323 -0.00129333 -0.000595856 0.00148197 0.000496944 -0.00708487 6.58945e-05 0.00157754 -0.000781633 0.000976751 2.65581e-05 0.000651074 -0.00153309 0.000598058 0.000534936 0.00194176
internal_weight=833334 303329 530005 488878 300475 312980 284785 2854 281249 183414 175898 28195 117061 3536 15783 167936 211670 101278 161520 2401 69579 21894 143678 41127 68926 123375 104787 118922 112968 14488
internal_count=833334 303329 530005 488878 300475 312980 284785 2854 281249 183414 175898 28195 117061 3536 15783 167936 211670 101278 161520 2401 69579 21894 143678 41127 68926 123375 104787 118922 112968 14488
is_linear=0
shrinkage=0.01


Tree=87
num_leaves=31
num_cat=0
split_feature=13 5 12 13 30 13 33 34 13 12 35 2 36 14 28 28 21 32 13 0 28 28 14 31 7 33 1 5 13 38
split_gain=4350.85 1046.44 3065.71 963.381 1004.99 420.298 355.702 360.366 318.838 272.142 250.375 203.783 183.568 179.72 162.746 151.016 155.974 140.297 132.777 145.376 131.657 116.758 110.012 108.926 104.927 104.634 101.675 101.06 100.914 100.647
threshold=1.8743374190450213 1.0000000180025095e-35 1.0000000180025095e-35 1.3891652284438027 inf 2.4115740170006967 1.0000000180025095e-35 1.0000000180025095e-35 0.84221350528399996 1.0000000180025095e-35 1.0000000180025095e-35 1.0000000180025095e-35 1.0000000180025095e-35 1.0000000180025095e-35 1.606333092449477 1.606333092449477 12.500000000000002 1.0000000180025095e-35 1.4256352521369882 0.60355339059327384 1.0000000180025095e-35 1.0000000180025095e-35 1.0000000180025095e-35 1.0000000180025095e-35 3.5000000000000004 1.0000000180025095e-35 1.0000000180025095e-35 1.0000000180025095e-35 2.8959395618180985 1.0000000180025095e-35
decision_type=2 2 2 2 8 2 2 2 2 2 2 2 2 2 2 2 2 2 2 2 2 2 2 2 2 2 2 2 2 2
left_child=1 2 3 4 8 9 7 12 -1 13 23 26 18 14 20 16 -5 24 -3 -20 -2 -18 -23 25 -13 -4 -10 -15 -7 -12
right_child=5 6 10 15 -6 28 -8 -9 11 -11 29 17 -14 27 -16 -17 21 -19 19 -21 -22 22 -24 -25 -26 -27 -28 -29 -30 -31
leaf_value=-0.0014541487889881367 0.0021340816805594681 0.0013861811806618609 -0.0053708752943494552 -0.00052670043029165751 0.0012308073168926772 0.0019937164940046336 -0.00057261189023711362 -0.00052904369582740219 0.002945080373429785 -0.0061884635304800192 -0.013092725915173933 -0.00098855263557092029 -0.00082371208688857521 0.0014036791562554677 0.0017972470651676064 0.00099570409560260681 0.0013591080291632327 -0.0013308155356766922 0.0024068318381716565 0.0061889099290068309 0.00062482216675666937 -0.00010246374872373199 0.0005048883835501143 0.0028818937987089154 -0.00046926788460788851 -0.0087201885451102211 -3.345773973494256e-05 0.0027849714944594272 0.0038620519409317097 -0.0081310053945369901
leaf_weight=90146 6130 16665 2195 48652 22620 40027 12648 8308 1206 522 1014 72614 2484 35817 15828 15379 7262 47497 13820 1097 101187 110745 40815 120 83836 1622 23061 6216 3116 685
leaf_count=90146 6130 16665 2195 48652 22620 40027 12648 8308 1206 522 1014 72614 2484 35817 15828 15379 7262 47497 13820 1097 101187 110745 40815 120 83836 1622 23061 6216 3116 685
internal_value=8.44202e-13 -0.000417854 -0.000545095 -0.000471738 -0.000805909 0.00124948 0.000899069 0.00133834 -0.000950621 0.00102057 -0.00788381 -0.000751724 0.00179376 0.00104336 0.000850645 3.95661e-05 -3.13076e-05 -0.000854801 0.00199963 0.00268497 0.000711032 0.000120446 6.10957e-05 -0.00649921 -0.000710286 -0.00679414 0.000114567 0.00160795 0.00212866 -0.0110923
internal_weight=833334 624491 569469 563833 340980 208843 55022 42374 318360 165700 5636 228214 34066 165178 123145 222853 207474 203947 31582 14917 107317 158822 151560 3937 156450 3817 24267 42033 43143 1699
internal_count=833334 624491 569469 563833 340980 208843 55022 42374 318360 165700 5636 228214 34066 165178 123145 222853 207474 203947 31582 14917 107317 158822 151560 3937 156450 3817 24267 42033 43143 1699
is_linear=0
shrinkage=0.01


Tree=88
num_leaves=31
num_cat=0
split_feature=13 12 28 13 13 5 12 5 28 2 28 38 2 38 35 21 14 14 32 13 28 38 13 2 28 28 28 2 33 34
split_gain=4272.34 1082.25 1005.83 761.062 719.043 646.938 1895.47 473.008 223.739 218.093 213.58 206.056 201.367 161.283 161.092 159.068 156.783 132.13 120.585 118.545 114.924 109.551 96.7101 94.6497 90.7411 97.0246 88.3325 87.9636 85.8658 103.677
threshold=1.6777505482547028 1.0000000180025095e-35 1.0000000180025095e-35 1.0583109768398611 2.1139033512243661 1.0000000180025095e-35 1.0000000180025095e-35 1.0000000180025095e-35 1.2619364906458534 1.0000000180025095e-35 1.606333092449477 1.0000000180025095e-35 1.0000000180025095e-35 1.0000000180025095e-35 1.0000000180025095e-35 12.500000000000002 1.0000000180025095e-35 1.0000000180025095e-35 -1.0000000180025095e-35 2.46915829192403 1.3763702719530846 1.0000000180025095e-35 0.2307147380127984 1.0000000180025095e-35 1.4047480322487202 1.0000000180025095e-35 0.96755400776061329 1.0000000180025095e-35 1.0000000180025095e-35 1.0000000180025095e-35
decision_type=2 2 2 2 2 2 2 2 2 2 2 2 2 2 2 2 2 2 2 2 2 2 2 2 2 2 2 2 2 2
left_child=2 4 22 10 9 6 8 20 15 21 16 -7 13 28 -8 -5 26 27 24 -14 -3 -2 -1 -10 25 -11 -4 -17 29 -6
right_child=1 7 3 5 12 11 14 -9 23 18 -12 -13 19 -15 -16 17 -18 -19 -20 -21 -22 -23 -24 -25 -26 -27 -28 -29 -30 -31
leaf_value=0.0013447694807297015 0.0024230850230426669 -0.0082289949085313802 -0.0016948708884752342 -0.0010213382005418369 0.004783868072778882 0.0019042063246933372 -0.0063512647924360288 0.0041900068197052963 0.0015493622746415661 0.0017610731455984952 0.00040599970309026633 0.00019378571516513271 0.0012413913367978807 0.0017806064528506807 -0.010955022291552317 0.00035749453643279432 -0.00087661485203424606 2.4554257331953261e-06 -4.471759575083994e-06 0.0020056860678600219 -0.0032060981880181428 0.00097706055942234729 0.00034868833168514034 5.8710644506332118e-05 0.0012662701702253385 0.0004463200399982386 -0.0010577389015222166 -0.00065984994630739692 0.0009978676794639308 0.00090949837872679722
leaf_weight=25252 8682 1790 73955 54705 5136 14488 2430 453 4746 5954 7962 13707 73200 8917 1106 9171 63149 55080 38145 28078 611 13212 15875 41561 19422 97999 30832 115986 932 798
leaf_count=25252 8682 1790 73955 54705 5136 14488 2430 453 4746 5954 7962 13707 73200 8917 1106 9171 63149 55080 38145 28078 611 13212 15875 41561 19422 97999 30832 115986 932 798
internal_value=-1.14012e-12 0.000946469 -0.000541677 -0.00066803 0.00100468 -0.000372241 -0.000515295 -0.00518246 -0.000423818 0.000613876 -0.00119434 0.00107269 0.00161701 0.00266764 -0.00779124 -0.000549037 -0.00127021 -0.000405685 0.00048692 0.00145328 -0.00695078 0.00155048 0.000960283 0.000211487 0.000638848 0.000521624 -0.0015074 -0.000585303 0.00381965 0.00426285
internal_weight=833334 303329 530005 488878 300475 312980 284785 2854 281249 183414 175898 28195 117061 15783 3536 234942 167936 180237 161520 101278 2401 21894 41127 46307 123375 103953 104787 125157 6866 5934
internal_count=833334 303329 530005 488878 300475 312980 284785 2854 281249 183414 175898 28195 117061 15783 3536 234942 167936 180237 161520 101278 2401 21894 41127 46307 123375 103953 104787 125157 6866 5934
is_linear=0
shrinkage=0.01


Tree=89
num_leaves=31
num_cat=0
split_feature=13 12 28 13 13 5 12 5 28 2 28 38 13 35 35 12 2 14 28 28 32 35 6 28 21 38 14 28 13 13
split_gain=4187.32 1060.72 985.811 745.917 704.734 634.064 1857.75 463.595 220.186 213.753 209.33 201.955 198.499 157.886 156.695 184.994 167.869 146.59 124.244 129.562 118.185 113.24 111.559 111.048 110.937 107.37 104.149 100.088 94.8761 94.7856
threshold=1.6777505482547028 1.0000000180025095e-35 1.0000000180025095e-35 1.0583109768398611 2.1139033512243661 1.0000000180025095e-35 1.0000000180025095e-35 1.0000000180025095e-35 1.0481957873917065 1.0000000180025095e-35 1.606333092449477 1.0000000180025095e-35 2.6322844446813778 1.0000000180025095e-35 1.0000000180025095e-35 1.0000000180025095e-35 1.0000000180025095e-35 1.0000000180025095e-35 1.0000000180025095e-35 1.577844035516788 -1.0000000180025095e-35 1.0000000180025095e-35 1.0000000180025095e-35 1.3763702719530846 12.500000000000002 1.0000000180025095e-35 1.0000000180025095e-35 1.8952933147216802 0.068125719969713269 0.2307147380127984
decision_type=2 2 2 2 2 2 2 2 2 2 2 2 2 2 2 2 2 2 2 2 2 2 2 2 2 2 2 2 2 2
left_child=2 4 29 10 9 6 8 21 17 25 14 -7 18 -8 16 -16 28 -5 -6 26 -11 23 27 -3 -18 -2 -20 -10 -4 -1
right_child=1 7 3 5 12 11 13 -9 22 20 -12 -13 -14 -15 15 -17 24 -19 19 -21 -22 -23 -24 -25 -26 -27 -28 -29 -30 -31
leaf_value=0.0013313218050252443 0.0023988541718158096 -0.0069956190824308952 0.0019740192306204225 -0.00078317091756228919 0.0028573832631905655 0.0018851642374124961 -0.0062877522410579138 0.0041481068052524172 -0.00010117837052584414 0.00063245931276071829 0.00040193969825967645 0.00019184786229433357 0.00265948470360703 -0.01084547205750871 -0.002588817339282653 -0.0133693459443748 -0.0018893081545932179 -0.00020770636438230536 0.00098547809056083631 0.0021889872854459892 -4.4270453611401855e-06 -0.010631355782504546 0.004058233365650454 -0.0011220666097166638 -0.0012026994549483158 0.00096728997578233154 0.0018194163377771337 0.0013716628435713762 -0.00070151343541842513 0.00034520145471319175
leaf_weight=25252 8682 1378 1378 135822 5835 14488 2430 453 74160 123375 7962 13707 15384 1106 5411 164 31280 65667 60345 15578 38145 603 680 420 95003 13212 19919 4920 34700 15875
leaf_count=25252 8682 1378 1378 135822 5835 14488 2430 453 74160 123375 7962 13707 15384 1106 5411 164 31280 65667 60345 15578 38145 603 680 420 95003 13212 19919 4920 34700 15875
internal_value=9.79607e-13 0.000937005 -0.00053626 -0.00066135 0.000994637 -0.000368518 -0.000510142 -0.00513064 -0.00041958 0.000607737 -0.00118239 0.00106196 0.00160084 -0.00771333 -0.00125751 -0.00290595 -0.0012009 -0.000595622 0.00144067 0.00135441 0.000482051 -0.00688127 2.51353e-05 -0.0056236 -0.00137277 0.00153497 0.00119244 -9.54485e-06 -0.000599321 0.00095068
internal_weight=833334 303329 530005 488878 300475 312980 284785 2854 281249 183414 175898 28195 117061 3536 167936 5575 162361 201489 101677 95842 161520 2401 79760 1798 126283 21894 80264 79080 36078 41127
internal_count=833334 303329 530005 488878 300475 312980 284785 2854 281249 183414 175898 28195 117061 3536 167936 5575 162361 201489 101677 95842 161520 2401 79760 1798 126283 21894 80264 79080 36078 41127
is_linear=0
shrinkage=0.01


Tree=90
num_leaves=31
num_cat=0
split_feature=13 5 12 13 30 13 33 34 13 35 12 2 36 14 23 28 32 28 28 14 13 0 28 13 1 7 31 28 12 33
split_gain=4107.12 991.419 2892.89 917.551 971.073 398.462 344.985 349.495 278.503 238.064 233.592 201.522 178.526 162.451 159.572 143.969 145.356 141.562 134.756 124.74 124.587 142.334 123.716 115.333 107.65 107.438 106.756 104.785 103.214 102.192
threshold=1.8743374190450213 1.0000000180025095e-35 1.0000000180025095e-35 1.3536420205049211 inf 2.3468411831044684 1.0000000180025095e-35 1.0000000180025095e-35 0.7530656430504058 1.0000000180025095e-35 1.0000000180025095e-35 1.0000000180025095e-35 1.0000000180025095e-35 1.0000000180025095e-35 1.0000000180025095e-35 1.7233913985289542 -1.0000000180025095e-35 1.3948823706269662 1.5643359330496931 1.0000000180025095e-35 1.4256352521369882 0.60355339059327384 1.0000000180025095e-35 2.7904593368717907 1.0000000180025095e-35 3.5000000000000004 1.0000000180025095e-35 1.0000000180025095e-35 1.0000000180025095e-35 1.0000000180025095e-35
decision_type=2 2 2 2 8 2 2 2 2 2 2 2 2 2 2 2 2 2 2 2 2 2 2 2 2 2 2 2 2 2
left_child=1 2 3 4 8 10 7 12 -1 26 13 24 20 17 18 16 25 22 19 27 -3 -22 -2 28 -10 -13 29 -5 -7 -4
right_child=5 6 9 14 -6 23 -8 -9 11 -11 -12 15 -14 -15 -16 -17 -18 -19 -20 -21 21 -23 -24 -25 -26 -27 -28 -29 -30 -31
leaf_value=-0.0015297400205838668 0.0020328155736026067 0.0013657511334748333 -0.0051939917648771185 0.0012130867971347475 0.0011918595254142683 0.0018038382430375041 -0.00057348753148884514 -0.00053054573126044531 0.0028933605945756901 -0.01078728003312821 -0.0059425946807450791 -0.0010757224505216867 -0.00082431560865289712 0.0015290995445779033 -0.00057041107968907256 0.00067746672800254903 -0.0014249439946639752 0.001444598454113962 0.0010226828520295541 0.00046824074919102397 0.0023486338203882518 0.0060909282703418711 0.00049673772202764484 0.0032211739845797857 -0.00011258997458440827 -0.0005479995972502103 0.0029786183840284745 -0.00017047166115544143 -0.0060946874478439161 -0.0085039886226950696
leaf_weight=66138 5597 16665 2195 5718 22620 49216 12648 8308 1251 1699 490 72314 2484 39083 39641 5636 47802 25101 15401 51352 13820 1097 82960 6230 25000 82696 120 128264 166 1622
leaf_count=66138 5597 16665 2195 5718 22620 49216 12648 8308 1251 1699 490 72314 2484 39083 39641 5636 47802 25101 15401 51352 13820 1097 82960 6230 25000 82696 120 128264 166 1622
internal_value=-6.43772e-13 -0.000405981 -0.000529832 -0.000458573 -0.000806331 0.00121398 0.000875854 0.00130846 -0.000956575 -0.0076587 0.000950838 -0.000795058 0.00175696 0.000972952 9.38041e-06 -0.000899045 -0.000942855 0.000781713 0.000123877 4.91877e-05 0.00195998 0.00262384 0.000593821 0.00193904 3.06596e-05 -0.000794189 -0.00630857 -0.000111425 0.00177729 -0.00660055
internal_weight=833334 624491 569469 563833 323457 208843 55022 42374 300837 5636 153231 234699 34066 152741 240376 208448 202812 113658 200735 185334 31582 14917 88557 55612 26251 155010 3937 133982 49382 3817
internal_count=833334 624491 569469 563833 323457 208843 55022 42374 300837 5636 153231 234699 34066 152741 240376 208448 202812 113658 200735 185334 31582 14917 88557 55612 26251 155010 3937 133982 49382 3817
is_linear=0
shrinkage=0.01


Tree=91
num_leaves=31
num_cat=0
split_feature=13 12 28 13 13 5 12 5 28 2 28 2 38 38 14 35 14 28 32 13 28 6 38 32 28 13 33 34 33 34
split_gain=4030.82 1018.97 951.671 719.744 677.921 609.57 1783.84 446.283 214.276 207.818 205.421 195.991 194.279 157.936 157.026 151.728 144.164 115.163 116.758 111.796 110.645 106.669 104.279 99.7421 92.207 90.5154 84.1452 84.7994 84.096 101.522
threshold=1.6777505482547028 1.0000000180025095e-35 1.0000000180025095e-35 1.0583109768398611 2.1139033512243661 1.0000000180025095e-35 1.0000000180025095e-35 1.0000000180025095e-35 1.1070763534244847 1.0000000180025095e-35 1.2693390978858496 1.0000000180025095e-35 1.0000000180025095e-35 1.0000000180025095e-35 1.0000000180025095e-35 1.0000000180025095e-35 1.0000000180025095e-35 1.8646226162917365 -1.0000000180025095e-35 2.46915829192403 1.3763702719530846 1.0000000180025095e-35 1.0000000180025095e-35 -0.37940952255126065 1.8952933147216802 0.2307147380127984 1.0000000180025095e-35 1.0000000180025095e-35 1.0000000180025095e-35 1.0000000180025095e-35
decision_type=2 2 2 2 2 2 2 2 2 2 2 2 2 2 2 2 2 2 2 2 2 2 2 2 2 2 2 2 2 2
left_child=2 4 25 10 9 6 8 20 16 22 14 13 -7 28 -4 -8 23 18 -11 -13 -3 24 26 -5 -10 -1 27 -2 29 -6
right_child=1 7 3 5 11 12 15 -9 21 17 -12 19 -14 -15 -16 -17 -18 -19 -20 -21 -22 -23 -24 -25 -26 -27 -28 -29 -30 -31
leaf_value=0.001306791598040412 0.0032204384399331684 -0.0079995260191180577 -0.0015446862256191848 -0.00057093845492454031 0.0047010635051847518 0.0018485851245470936 -0.0061611977222101547 0.00407615304938939 -6.9606685628127783e-05 0.00057258555256310499 -0.00025675664480238821 0.0012030746436519765 0.00018776012400519102 0.0017291025082449426 -0.00088938650599421022 -0.010629144509168844 -0.0001903997273351685 0.0018695337400003601 -7.4160371956892676e-05 0.0019452921726073591 -0.0030710307027574523 0.0040925902263603672 0.00095116663661371349 -0.0011385130664467004 0.0013510216595417571 0.00034314036282071246 0.00023263332761383368 -0.00012235769081780112 0.00095432822630966041 0.00086716706053366832
leaf_weight=25252 6290 1790 94100 98527 5136 14488 2430 453 64006 119397 21989 73200 13707 8917 59809 1106 67992 5692 36431 28078 611 653 13212 45151 4920 15875 1529 863 932 798
leaf_count=25252 6290 1790 94100 98527 5136 14488 2430 453 64006 119397 21989 73200 13707 8917 59809 1106 67992 5692 36431 28078 611 653 13212 45151 4920 15875 1529 863 932 798
internal_value=-1.58141e-13 0.000919327 -0.000526143 -0.000649047 0.000975814 -0.0003614 -0.000500261 -0.0050277 -0.000411519 0.000596346 -0.00116087 0.00157037 0.00104118 0.00260689 -0.00129004 -0.00755869 -0.000569771 0.000472416 0.000421383 0.00140884 -0.00674534 6.99096e-05 0.00151062 -0.0007493 3.1799e-05 0.000934823 0.00236197 0.00281713 0.00374688 0.00418548
internal_weight=833334 303329 530005 488878 300475 312980 284785 2854 281249 183414 175898 117061 28195 15783 153909 3536 211670 161520 155828 101278 2401 69579 21894 143678 68926 41127 8682 7153 6866 5934
internal_count=833334 303329 530005 488878 300475 312980 284785 2854 281249 183414 175898 117061 28195 15783 153909 3536 211670 161520 155828 101278 2401 69579 21894 143678 68926 41127 8682 7153 6866 5934
is_linear=0
shrinkage=0.01


Tree=92
num_leaves=31
num_cat=0
split_feature=13 12 28 13 13 5 12 5 28 2 28 38 2 21 14 34 35 14 28 21 33 36 35 38 28 13 2 33 34 13
split_gain=3950.6 998.688 932.732 705.969 664.806 585.239 1744.85 437.402 215.65 210.367 198.818 184.707 183.878 161.405 160.735 147.339 146.61 124.855 120.325 123.05 117.206 160.809 109.883 109.509 106.736 98.6156 92.7967 88.9751 89.3485 88.7141
threshold=1.6777505482547028 1.0000000180025095e-35 1.0000000180025095e-35 1.0799390089850902 2.1430616707563002 1.0000000180025095e-35 1.0000000180025095e-35 1.0000000180025095e-35 1.1967971091642235 1.0000000180025095e-35 1.3948823706269662 1.0000000180025095e-35 1.0000000180025095e-35 12.500000000000002 1.0000000180025095e-35 1.0000000180025095e-35 1.0000000180025095e-35 1.0000000180025095e-35 1.8952933147216802 12.500000000000002 1.0000000180025095e-35 1.0000000180025095e-35 1.0000000180025095e-35 1.0000000180025095e-35 1.3763702719530846 2.4919236388399364 1.0000000180025095e-35 1.0000000180025095e-35 1.0000000180025095e-35 0.2307147380127984
decision_type=2 2 2 2 2 2 2 2 2 2 2 2 2 2 2 2 2 2 2 2 2 2 2 2 2 2 2 2 2 2
left_child=2 4 29 8 9 6 10 22 14 23 13 -7 15 -5 -4 20 -8 26 19 -11 21 -6 24 27 -3 -14 -15 28 -2 -1
right_child=1 7 3 5 12 11 16 -9 -10 18 -12 -13 25 17 -16 -17 -18 -19 -20 -21 -22 -23 -24 -25 -26 -27 -28 -29 -30 -31
leaf_value=0.0012937236772316669 0.0032282024507940678 -0.0067841123593415879 -0.0015313558686048168 -0.00095723525538661839 0.0045186722267172878 0.0018374043059158883 -0.0061043274267996977 0.0040353914987600135 -0.00032909569236467206 -5.0456370191985355e-05 0.00036647866831521827 0.00019845324574656865 0.0012313897465841548 0.00043743108331832398 -0.00087530175592093879 0.00084211199467409102 -0.010508144395951321 5.02311096077322e-05 0.001977550132431958 0.00059591763945520998 0.0016473574241655958 0.00069499782049975726 -0.010371956668528118 0.00095252432702594783 -0.0010257118018344043 0.0019621522855662438 -0.00059147823163737344 0.000232021986764189 -0.00011472461769849211 0.00033970896576616082
leaf_weight=25252 6586 1378 95389 56618 6474 14214 2422 453 28516 38443 30528 13320 67754 9453 61372 3499 1099 55417 5286 125929 3414 1325 603 13858 420 25386 120530 1611 910 15875
leaf_count=25252 6586 1378 95389 56618 6474 14214 2422 453 28516 38443 30528 13320 67754 9453 61372 3499 1099 55417 5286 125929 3414 1325 603 13858 420 25386 120530 1611 910 15875
internal_value=3.20964e-14 0.000910134 -0.000520882 -0.000642557 0.000966055 -0.000345697 -0.000484354 -0.00497742 -0.001129 0.000614087 -0.000393992 0.00104454 0.00159467 -0.000489918 -0.00127451 0.00263359 -0.00747888 -0.000347207 0.000492502 0.000444745 0.00319262 0.00386905 -0.00667788 0.00151232 -0.00543899 0.00143056 -0.000516651 0.00236415 0.00282238 0.000925475
internal_weight=833334 303329 530005 488878 300475 303601 276067 2854 185277 192623 272546 27534 107852 242018 156761 14712 3521 185400 169658 164372 11213 7799 2401 22965 1798 93140 129983 9107 7496 41127
internal_count=833334 303329 530005 488878 300475 303601 276067 2854 185277 192623 272546 27534 107852 242018 156761 14712 3521 185400 169658 164372 11213 7799 2401 22965 1798 93140 129983 9107 7496 41127
is_linear=0
shrinkage=0.01


Tree=93
num_leaves=31
num_cat=0
split_feature=13 5 12 13 30 13 33 34 13 12 35 2 36 14 28 23 2 32 28 40 28 13 0 1 7 31 33 21 38 13
split_gain=3877.62 941.483 2732.46 874.567 876.707 376.585 334.001 338.331 310.054 241.919 227.604 212.649 173.636 170.686 153.177 151.641 138.161 136.74 127.987 123.046 119.042 115.525 139.797 113.936 108.566 104.625 99.8191 99.7911 97.5546 95.7245
threshold=1.8743374190450213 1.0000000180025095e-35 1.0000000180025095e-35 1.4135446682119426 inf 2.4115740170006967 1.0000000180025095e-35 1.0000000180025095e-35 0.77725849676717196 1.0000000180025095e-35 1.0000000180025095e-35 1.0000000180025095e-35 1.0000000180025095e-35 1.0000000180025095e-35 1.7233913985289542 1.0000000180025095e-35 1.0000000180025095e-35 -0.37940952255126065 1.7233913985289542 1.0000000180025095e-35 1.0000000180025095e-35 1.4256352521369882 0.78656609248549303 1.0000000180025095e-35 3.5000000000000004 1.0000000180025095e-35 1.0000000180025095e-35 6.5000000000000009 1.0000000180025095e-35 2.8959395618180985
decision_type=2 2 2 2 8 2 2 2 2 2 2 2 2 2 2 2 2 2 2 2 2 2 2 2 2 2 2 2 2 2
left_child=1 2 3 4 8 9 7 12 -1 13 25 23 21 14 20 18 -5 24 19 -13 -2 -3 27 -10 -18 26 -4 -23 -12 -7
right_child=5 6 10 16 -6 29 -8 -9 11 -11 28 15 -14 -15 -16 -17 17 -19 -20 -21 -22 22 -24 -25 -26 -27 -28 -29 -30 -31
leaf_value=-0.0014603353483736748 0.0020415126474619023 0.0013496120212999046 -0.0050223226914254439 0.0011573060504921928 0.001154062066156035 0.0018803521584721053 -0.00057142136922511567 -0.00052907141112301453 0.0029205206469380923 -0.0058340548257115104 -0.012472106818444071 -0.00063068014579373917 -0.00082407652110813416 0.0015345982804180565 0.0019272621275721036 -0.0013924401741369952 -0.00013548854550861421 -0.00037040248166432413 0.00084735151061997413 -0.0013141271213103628 0.00060827649001391252 0.013182122929131283 0.0077063780047419463 -3.9010658482119282e-05 0.00043737698294739975 0.0030706070585486789 -0.0082936589741236331 0.0023148308394272928 -0.0075871994103675535 0.003700017052956956
leaf_weight=72177 6130 16665 2195 10946 22620 40027 12648 8308 1368 522 1014 154860 2484 42033 10919 38391 58895 65693 5175 31742 106096 85 510 26487 75479 120 1622 14322 685 3116
leaf_count=72177 6130 16665 2195 10946 22620 40027 12648 8308 1368 522 1014 154860 2484 42033 10919 38391 58895 65693 5175 31742 106096 85 510 26487 75479 120 1622 14322 685 3116
internal_value=4.46152e-13 -0.000394476 -0.000515167 -0.000445912 -0.00075049 0.00117958 0.000854661 0.00128033 -0.00088096 0.000962899 -0.00744354 -0.00071889 0.0017216 0.000984379 0.000796573 -0.00081876 6.33525e-05 3.50047e-06 -0.000703917 -0.000746938 0.000686563 0.00192182 0.00256109 0.000106336 0.000186295 -0.0061234 -0.00641245 0.00237895 -0.0105026 0.00201178
internal_weight=833334 624491 569469 563833 352820 208843 55022 42374 330200 165700 5636 258023 34066 165178 123145 230168 211013 200067 191777 186602 112226 31582 14917 27855 134374 3937 3817 14407 1699 43143
internal_count=833334 624491 569469 563833 352820 208843 55022 42374 330200 165700 5636 258023 34066 165178 123145 230168 211013 200067 191777 186602 112226 31582 14917 27855 134374 3937 3817 14407 1699 43143
is_linear=0
shrinkage=0.01


Tree=94
num_leaves=31
num_cat=0
split_feature=13 12 28 13 13 5 12 5 28 2 2 2 35 12 14 12 38 32 35 33 28 28 35 13 28 1 14 7 33 34
split_gain=3802.17 960.985 901.731 682.442 640.92 533.963 1664.57 421.385 259.952 197.451 187.548 168.589 166.681 204.038 167.734 165.55 152.351 135.056 128.505 112.393 109.874 110.466 106.629 104.56 104.044 103.791 103.283 102.787 99.9391 115.6
threshold=1.6777505482547028 1.0000000180025095e-35 1.0000000180025095e-35 1.1633070353967037 2.1139033512243661 1.0000000180025095e-35 1.0000000180025095e-35 1.0000000180025095e-35 1.3674937235443207 1.0000000180025095e-35 1.0000000180025095e-35 1.0000000180025095e-35 1.0000000180025095e-35 1.0000000180025095e-35 1.0000000180025095e-35 1.0000000180025095e-35 1.0000000180025095e-35 -0.37940952255126065 1.0000000180025095e-35 1.0000000180025095e-35 1.8364937973931672 1.0000000180025095e-35 1.0000000180025095e-35 2.46915829192403 1.3763702719530846 1.0000000180025095e-35 1.0000000180025095e-35 3.5000000000000004 1.0000000180025095e-35 1.0000000180025095e-35
decision_type=2 2 2 2 2 2 2 2 2 2 2 2 2 2 2 2 2 2 2 2 2 2 2 2 2 2 2 2 2 2
left_child=2 4 -1 8 9 6 11 22 12 -2 16 25 14 -14 19 28 -6 27 -8 -4 21 -11 24 -12 -3 -5 -23 -13 29 -7
right_child=1 7 3 5 10 15 18 -9 -10 20 23 17 13 -15 -16 -17 -18 -19 -20 -21 -22 26 -24 -25 -26 -27 -28 -29 -30 -31
leaf_value=0.0009111141307723157 0.0014699374686077654 -0.0066591537652744368 -0.0010270577863763621 0.0032495671435665225 0.0036594318311552526 0.0016260933232577015 -0.0060900308600859814 0.0039637727098576474 1.4574959098697509e-05 0.0016026488867899836 0.0011688239916544882 -0.00052876678186213727 -0.0024019369159923331 -0.012941525706223079 -0.00071610151591698656 0.0031826955896220224 0.001677650977333785 -0.00076608975435968427 -0.010316021918973168 -0.0016338316632086723 0.0017501136267374193 0.00019126293648309375 -0.010190478396408143 0.0018866210032279938 -0.0009738507918082178 0.00037016294475523509 0.00079768400678854867 2.488004005999494e-06 -0.0003834998911861992 -0.00043604258550196319
leaf_weight=41127 21894 1378 62689 1349 6866 12631 2382 453 21199 7341 73200 66370 6526 189 72773 3326 8917 71899 1031 59503 6323 110160 603 28078 420 17384 37696 80704 5459 3464
leaf_count=41127 21894 1378 62689 1349 6866 12631 2382 453 21199 7341 73200 66370 6526 189 72773 3326 8917 71899 1031 59503 6323 110160 603 28078 420 17384 37696 80704 5459 3464
internal_value=2.33725e-12 0.000892872 -0.000511003 -0.000630639 0.000947728 -0.000288638 -0.000432559 -0.00488248 -0.00103881 0.000578761 0.00152583 -0.000332999 -0.00114953 -0.00269858 -0.00109618 0.00110614 0.00253978 -0.000410893 -0.00736662 -0.00132253 0.000457962 0.000405318 -0.00655152 0.00136782 -0.00533111 0.000577514 0.00034587 -0.000237251 0.000785711 0.00118228
internal_weight=833334 303329 530005 488878 300475 265999 241119 2854 222879 183414 117061 237706 201680 6715 194965 24880 15783 218973 3413 122192 161520 155197 2401 101278 1798 18733 147856 147074 21554 16095
internal_count=833334 303329 530005 488878 300475 265999 241119 2854 222879 183414 117061 237706 201680 6715 194965 24880 15783 218973 3413 122192 161520 155197 2401 101278 1798 18733 147856 147074 21554 16095
is_linear=0
shrinkage=0.01


Tree=95
num_leaves=31
num_cat=0
split_feature=13 5 12 13 13 13 33 34 13 35 12 2 36 14 2 32 28 21 28 7 28 13 13 0 7 31 1 12 33 38
split_gain=3729.83 908.865 2627.24 843.869 882.169 363.542 323.849 328.401 259.836 218.818 207.396 191.393 169.962 150.546 149.833 151.39 134.64 137.823 131.677 120.023 114.171 113.102 109.784 137.256 104.268 102.55 101.658 99.1684 97.6176 95.2178
threshold=1.8743374190450213 1.0000000180025095e-35 1.0000000180025095e-35 1.3536420205049211 1.0000000180025095e-35 2.3319982523838072 1.0000000180025095e-35 1.0000000180025095e-35 0.7530656430504058 1.0000000180025095e-35 1.0000000180025095e-35 1.0000000180025095e-35 1.0000000180025095e-35 1.0000000180025095e-35 1.0000000180025095e-35 -0.37940952255126065 1.7233913985289542 12.500000000000002 1.3948823706269662 3.5000000000000004 1.0000000180025095e-35 2.7904593368717907 1.4256352521369882 0.60355339059327384 3.5000000000000004 1.0000000180025095e-35 1.0000000180025095e-35 1.0000000180025095e-35 1.0000000180025095e-35 1.0000000180025095e-35
decision_type=2 2 2 2 2 2 2 2 2 2 2 2 2 2 2 2 2 2 2 2 2 2 2 2 2 2 2 2 2 2
left_child=1 2 3 4 -1 10 7 12 -6 25 13 26 22 18 -5 19 17 -13 20 -16 -2 27 -3 -24 -19 28 -10 -7 -4 -11
right_child=5 6 9 14 8 21 -8 -9 11 29 -12 16 -14 -15 15 -17 -18 24 -20 -21 -22 -23 23 -25 -26 -27 -28 -29 -30 -31
leaf_value=0.0011334650248978645 0.001947181972688333 0.0013345991192960272 -0.0049161945547334957 0.0010351880910452371 -0.001467886113180274 0.001697934590971359 -0.00056381970974177709 -0.00052307623295428111 0.0028283312292599707 -0.012244354923675021 -0.0056668202334476513 -0.0013713889470936722 -0.0008242808232494604 0.0014570319287670744 -0.00018635016446425515 -0.00041948477020317963 0.00066498257042596812 -0.0010345460500231463 0.0013778928805485188 0.00037896159925628634 0.0004537471042679253 0.0030978123819893743 0.0022453352270115673 0.005920261930384179 -0.00051466682931703691 0.0030976411333928505 -9.2759614843876262e-05 -0.0058210556193642495 -0.0081512559595521838 -0.007418308030764648
leaf_weight=22620 5463 16665 2195 13488 66138 52326 12648 8308 1251 1014 480 47802 2484 38376 66952 74395 5636 72314 24509 85541 81283 6230 13820 1097 82696 120 25000 176 1622 685
leaf_count=22620 5463 16665 2195 13488 66138 52326 12648 8308 1251 1014 480 47802 2484 38376 66952 74395 5636 72314 24509 85541 81283 6230 13820 1097 82696 120 25000 176 1622 685
internal_value=4.38064e-13 -0.000386885 -0.000505467 -0.000437558 -0.000771061 0.00115688 0.000840423 0.00125957 -0.000914263 -0.00729915 0.000895905 -0.000758252 0.00169432 0.000916957 1.12128e-05 -4.96603e-05 -0.000859593 -0.000901959 0.000730665 0.000130762 0.000547799 0.00182389 0.00189241 0.00251559 -0.000757197 -0.00600474 4.64459e-05 0.00167273 -0.0062909 -0.0102986
internal_weight=833334 624491 569469 563833 323457 208843 55022 42374 300837 5636 150111 234699 34066 149631 240376 226888 208448 202812 111255 152493 86746 58732 31582 14917 155010 3937 26251 52502 3817 1699
internal_count=833334 624491 569469 563833 323457 208843 55022 42374 300837 5636 150111 234699 34066 149631 240376 226888 208448 202812 111255 152493 86746 58732 31582 14917 155010 3937 26251 52502 3817 1699
is_linear=0
shrinkage=0.01


Tree=96
num_leaves=31
num_cat=0
split_feature=13 12 28 13 13 5 12 5 28 2 28 33 34 2 35 12 2 38 14 35 21 32 36 38 28 2 0 30 28 28
split_gain=3660.67 923.55 871.797 659.79 616.381 553.125 1611.56 405.737 205.222 200.101 194.393 177.046 189.14 172.476 147.613 172.833 158.425 142.505 137.299 137.087 118.111 106.69 105.011 104.935 104.227 103.68 95.0378 111.114 92.5151 98.5631
threshold=1.6777505482547028 1.0000000180025095e-35 1.0000000180025095e-35 1.0583109768398611 2.1529823870768343 1.0000000180025095e-35 1.0000000180025095e-35 1.0000000180025095e-35 1.0481957873917065 1.0000000180025095e-35 1.6700625298214697 1.0000000180025095e-35 1.0000000180025095e-35 1.0000000180025095e-35 1.0000000180025095e-35 1.0000000180025095e-35 1.0000000180025095e-35 1.0000000180025095e-35 1.0000000180025095e-35 1.0000000180025095e-35 12.500000000000002 -1.0000000180025095e-35 1.0000000180025095e-35 1.0000000180025095e-35 1.3763702719530846 1.0000000180025095e-35 0.78656609248549303 0.49963622068679925 1.4047480322487202 1.0000000180025095e-35
decision_type=2 2 2 2 2 2 2 2 2 2 2 2 2 2 2 2 2 2 2 2 2 2 2 2 2 2 2 10 2 2
left_child=2 4 -1 10 9 6 8 24 18 23 14 12 22 17 16 -16 -4 -6 -5 -8 -11 -18 26 -2 -3 -10 -7 -28 29 -22
right_child=1 7 3 5 13 11 19 -9 25 20 -12 -13 -14 -15 15 -17 21 -19 -20 -21 28 -23 -24 -25 -26 -27 27 -29 -30 -31
leaf_value=0.0008969094430340284 0.0022951753520087659 -0.0076406741022170058 -0.00053814565999735925 -0.00074302152194916679 0.0036932137575723042 0.0019274942765724697 -0.0058564826088680589 0.0038948108938267707 0.0011216713973964971 9.1301379325768498e-06 0.00058924316276285271 -0.00047034560174208855 -0.00052886781992100059 0.0013868139107191997 -0.002454521940802559 -0.012663703302305453 -0.0011194894181534613 0.0016863217340077814 -0.0001860916057971776 -0.010103392743236182 0.0017149014240003871 -0.0017897693028170241 -0.00099117751243911457 0.0009236340581291701 -0.0028572421347449568 -8.2149125291109765e-05 0.010459136075373356 0.0017981989226899431 0.0012344596527324202 0.00043658634283063122
leaf_weight=41127 9248 1790 36460 135822 6300 15958 2430 453 7946 40612 6491 6397 4048 90506 5477 171 95716 8071 65667 1106 6402 31583 1199 14058 611 71814 288 305 21003 104275
leaf_count=41127 9248 1790 36460 135822 6300 15958 2430 453 7946 40612 6491 6397 4048 90506 5477 171 95716 8071 65667 1106 6402 31583 1199 14058 611 71814 288 305 21003 104275
internal_value=1.65288e-12 0.0008761 -0.000501404 -0.000619037 0.000929877 -0.00034363 -0.000475906 -0.00478565 -0.000391558 0.000598228 -0.00110908 0.00099243 0.00142171 0.00154841 -0.00117415 -0.00276362 -0.00111933 0.00256611 -0.000561513 -0.00718484 0.000480591 -0.00128579 0.00186655 0.00146787 -0.0064234 3.77801e-05 0.00207357 0.00600452 0.000625996 0.000510529
internal_weight=833334 303329 530005 488878 300475 312980 284785 2854 281249 195598 175898 28195 21798 104877 169407 5648 163759 14371 201489 3536 172292 127299 17750 23306 2401 79760 16551 593 131680 110677
internal_count=833334 303329 530005 488878 300475 312980 284785 2854 281249 195598 175898 28195 21798 104877 169407 5648 163759 14371 201489 3536 172292 127299 17750 23306 2401 79760 16551 593 131680 110677
is_linear=0
shrinkage=0.01


Tree=97
num_leaves=31
num_cat=0
split_feature=13 5 12 13 13 13 33 34 13 12 35 2 36 14 28 32 2 28 32 7 21 30 23 31 1 7 33 13 28 5
split_gain=3588.2 875.209 2525.11 815.892 801.837 351.726 313.749 318.101 310.725 223.531 211.207 179.875 164.643 162.872 146.376 129.318 123.607 122.44 121.204 108.385 105.309 157.543 103.54 100.505 97.4236 97.2215 95.5286 94.4106 93.0281 92.1905
threshold=1.8743374190450213 1.0000000180025095e-35 1.0000000180025095e-35 1.4380562886343047 1.0000000180025095e-35 2.4115740170006967 1.0000000180025095e-35 1.0000000180025095e-35 0.89220291535796681 1.0000000180025095e-35 1.0000000180025095e-35 1.0000000180025095e-35 1.0000000180025095e-35 1.0000000180025095e-35 1.4885124381371986 -0.37940952255126065 1.0000000180025095e-35 1.0000000180025095e-35 -0.37940952255126065 3.5000000000000004 6.5000000000000009 0.68689330773296642 1.0000000180025095e-35 1.0000000180025095e-35 1.0000000180025095e-35 3.5000000000000004 1.0000000180025095e-35 1.3476834535525348 1.3500192968548144 1.0000000180025095e-35
decision_type=2 2 2 2 2 2 2 2 2 2 2 2 2 2 2 2 2 2 2 2 2 8 2 2 2 2 2 2 2 2
left_child=1 2 3 4 -1 9 7 12 22 13 23 24 20 14 17 19 -5 -2 25 -13 21 -3 -6 26 -10 -18 -4 -22 -12 -7
right_child=5 6 10 16 8 29 -8 -9 11 -11 28 15 -14 -15 -16 -17 18 -19 -20 -21 27 -23 -24 -25 -26 -27 -28 -29 -30 -31
leaf_value=0.0011132138084365396 0.0019723170517612844 0.012073353041102287 -0.0048078366008206383 0.0011693396868929337 -0.001135430182301026 0.0017477063008328802 -0.00055726923446264276 -0.00051700799060887346 0.0029383257516632511 -0.0056082458503257087 -0.011412073445864097 -0.00085094082330121768 -0.00081354390030735776 0.0014834226492607286 0.0015052059852518934 -0.0010776564813363601 -0.00010794530045032278 0.00051422677342396127 -0.00033377655708860673 -0.00029903324489030956 0.0012109880107749479 0.00086842895160047851 -0.0019509200437831087 0.0031266970710518462 4.1595716692837893e-05 0.00044975080958491165 -0.0080080950632120795 0.0023143541420895274 -0.0059203438730335532 0.0030562226909151263
leaf_weight=22620 6130 248 2195 9998 86475 36837 12648 8308 1223 522 1294 65524 2484 42033 21831 69176 55628 95184 62061 77869 14857 254 18988 120 22918 71353 1622 16223 405 6306
leaf_count=22620 6130 248 2195 9998 86475 36837 12648 8308 1223 522 1294 65524 2484 42033 21831 69176 55628 95184 62061 77869 14857 254 18988 120 22918 71353 1622 16223 405 6306
internal_value=-1.57779e-12 -0.000379468 -0.000495834 -0.000429259 -0.000710247 0.0011347 0.000824901 0.00123746 -0.00083079 0.000925298 -0.00715616 -0.000629646 0.00166534 0.000945945 0.000762488 -0.000722544 8.57257e-05 0.000602448 2.84158e-05 -0.00055123 0.00186031 0.00640393 -0.00128225 -0.00588446 0.000188346 0.000205435 -0.00616776 0.00178692 -0.010103 0.00193897
internal_weight=833334 624491 569469 563833 364793 208843 55022 42374 342173 165700 5636 236710 34066 165178 123145 212569 199040 101314 189042 143393 31582 502 105463 3937 24141 126981 3817 31080 1699 43143
internal_count=833334 624491 569469 563833 364793 208843 55022 42374 342173 165700 5636 236710 34066 165178 123145 212569 199040 101314 189042 143393 31582 502 105463 3937 24141 126981 3817 31080 1699 43143
is_linear=0
shrinkage=0.01


Tree=98
num_leaves=31
num_cat=0
split_feature=13 12 28 13 13 5 12 5 28 2 2 40 2 12 38 35 12 32 23 33 35 14 21 35 13 28 0 1 28 38
split_gain=3522.77 888.173 842.726 637.013 595.033 482.059 1531.61 390.803 266.826 182.794 181.129 173.865 156.487 151.258 149.875 130.391 165.424 121.815 120.278 126.869 116.456 108.563 103.455 102.461 101.415 99.4896 96.4864 95.9951 94.1756 93.4508
threshold=1.6777505482547028 1.0000000180025095e-35 1.0000000180025095e-35 1.1958902166992444 2.1043170625120711 1.0000000180025095e-35 1.0000000180025095e-35 1.0000000180025095e-35 1.4557038056921707 1.0000000180025095e-35 1.0000000180025095e-35 1.0000000180025095e-35 1.0000000180025095e-35 1.0000000180025095e-35 1.0000000180025095e-35 1.0000000180025095e-35 1.0000000180025095e-35 -1.0000000180025095e-35 1.0000000180025095e-35 1.0000000180025095e-35 1.0000000180025095e-35 1.0000000180025095e-35 12.500000000000002 1.0000000180025095e-35 2.4484587545498933 1.3763702719530846 0.25881904510252057 1.0000000180025095e-35 1.0655724197522447 1.0000000180025095e-35
decision_type=2 2 2 2 2 2 2 2 2 2 2 2 2 2 2 2 2 2 2 2 2 2 2 2 2 2 2 2 2 2
left_child=2 4 -1 8 10 6 12 23 11 14 -2 15 27 -7 -6 18 -17 21 29 -20 -8 28 -12 25 -11 -3 -15 -5 -14 -4
right_child=1 7 3 5 9 13 20 -9 -10 24 22 -13 17 26 -16 16 -18 -19 19 -21 -22 -23 -24 -25 -26 -27 -28 -29 -30 -31
leaf_value=0.00088293233151642175 0.0014094670684445653 -0.0064024774407799301 -0.00064442568685171484 0.0032558396505454447 0.0035474263603138085 0.00077779101615909957 -0.0058834398946886373 0.0038263906967758343 0.00020616602665552135 0.0011011998084643375 -2.733756155339827e-05 -0.0017448793002349458 -0.0005887329450441701 0.0022888338480837175 0.0016033367127335253 -0.0020820091796505675 -0.011754014515983208 -0.0008062980868264307 -0.00072580166892804033 -0.0020082526152591694 -0.0099537716357689359 0.00018806729339721214 0.00057395646590763575 -0.0098672671327877104 0.0017852011056541063 -0.00084299502592156863 0.0067564837777345744 0.00040685420801158566 4.0451501680401875e-05 -0.0012230800315602313
leaf_weight=41127 21535 1378 112934 1277 7008 20438 2366 453 17634 73245 37446 32720 79226 2739 9134 6230 182 49378 13362 18249 1000 43475 121319 603 30788 420 587 16013 33998 37070
leaf_count=41127 21535 1378 112934 1277 7008 20438 2366 453 17634 73245 37446 32720 79226 2739 9134 6230 182 49378 13362 18249 1000 43475 121319 603 30788 420 587 16013 33998 37070
internal_value=7.59362e-14 0.00085944 -0.000491869 -0.000607525 0.000912177 -0.00025539 -0.000397411 -0.00469281 -0.000977557 0.00145725 0.000548869 -0.00107212 -0.000296517 0.00109963 0.00244736 -0.000955044 -0.00235654 -0.000373185 -0.000905563 -0.00146616 -0.00709269 -0.000236705 0.000432136 -0.00630014 0.00130363 -0.00510382 0.00307732 0.000617274 -0.000399806 -0.000787427
internal_weight=833334 303329 530005 488878 300475 250497 226733 2854 238381 120175 180300 220747 223367 23764 16142 188027 6412 206077 181615 31611 3366 156699 158765 2401 104033 1798 3326 17290 113224 150004
internal_count=833334 303329 530005 488878 300475 250497 226733 2854 238381 120175 180300 220747 223367 23764 16142 188027 6412 206077 181615 31611 3366 156699 158765 2401 104033 1798 3326 17290 113224 150004
is_linear=0
shrinkage=0.01


Tree=99
num_leaves=31
num_cat=0
split_feature=13 12 28 13 13 5 12 5 2 28 28 38 14 28 13 14 21 35 38 28 35 14 33 34 28 30 28 36 0 14
split_gain=3452.67 870.498 825.956 626.144 584.562 522.012 1517.05 383.026 215.802 198.331 187.841 169.249 146.208 135.574 133.844 132.57 132.505 129.253 116.605 102.11 100.422 99.8117 99.7051 102.291 97.5097 92.0499 90.4508 86.8333 131.744 98.529
threshold=1.6777505482547028 1.0000000180025095e-35 1.0000000180025095e-35 1.0583109768398611 2.2392724853635406 1.0000000180025095e-35 1.0000000180025095e-35 1.0000000180025095e-35 1.0000000180025095e-35 1.0481957873917065 1.2693390978858496 1.0000000180025095e-35 1.0000000180025095e-35 1.8952933147216802 2.7231030031894234 1.0000000180025095e-35 12.500000000000002 1.0000000180025095e-35 1.0000000180025095e-35 1.7233913985289542 1.0000000180025095e-35 1.0000000180025095e-35 1.0000000180025095e-35 1.0000000180025095e-35 1.3763702719530846 1.0000000180025095e-35 1.6216628771774368 1.0000000180025095e-35 0.25881904510252057 1.0000000180025095e-35
decision_type=2 2 2 2 2 2 2 2 2 2 2 2 2 2 2 2 2 2 2 2 2 2 2 2 2 8 2 2 2 2
left_child=2 4 -1 10 8 6 9 20 18 15 12 -7 -4 16 25 -5 -10 -8 22 -11 24 -18 23 27 -3 -6 -27 28 -2 -30
right_child=1 7 3 5 14 11 17 -9 13 19 -12 -13 -14 -15 -16 -17 21 -19 -20 -21 -22 -23 -24 -25 -26 26 -28 -29 29 -31
leaf_value=0.00087410304244016953 0.0029326495660980706 -0.0063384526243181775 -0.0014480703249611152 -0.00072525312167284956 0.0028979937885178081 0.0017183874751731405 -0.0056810578439580551 0.0037881267862702839 -8.526930170060111e-06 -9.3731325232122525e-05 -0.00021427219390287222 0.00016823800550763674 -0.00081574680254034679 0.0019553776948912707 0.0027640353519968169 -0.00017799872354144308 0.00046788532844062417 -0.0098048464577665268 0.00094507807274127385 0.00098372679100741417 -0.0097685944505978405 0.0010783513960264412 0.00016943988544462316 -0.00017660646269044056 -0.00083456511329305138 0.0012361240892470996 0.0022509023524255592 -0.0011628678915287277 0.0043454290921611698 0.011380565483633474
leaf_weight=41127 6320 1378 94100 135822 4332 14488 2430 453 43882 69694 21989 13707 59809 6374 9248 65667 107928 1106 15741 10066 603 35623 1803 1046 420 56512 10400 438 495 333
leaf_count=41127 6320 1378 94100 135822 4332 14488 2430 453 43882 69694 21989 13707 59809 6374 9248 65667 107928 1106 15741 10066 603 35623 1803 1046 420 56512 10400 438 495 333
internal_value=8.15181e-13 0.000850846 -0.00048695 -0.00060145 0.000903055 -0.000333157 -0.000461659 -0.00464588 0.000636251 -0.000379821 -0.00107883 0.000964782 -0.00120235 0.000521144 0.00163223 -0.000546898 0.000472371 -0.00697091 0.0014885 4.22478e-05 -0.00623714 0.000619376 0.00230824 0.00275498 -0.00505278 0.00148531 0.00139385 0.0031592 0.00342404 0.00717478
internal_weight=833334 303329 530005 488878 300475 312980 284785 2854 219983 281249 175898 28195 153909 193807 80492 201489 187433 3536 26176 79760 2401 143551 10435 8632 1798 71244 66912 7586 7148 828
internal_count=833334 303329 530005 488878 300475 312980 284785 2854 219983 281249 175898 28195 153909 193807 80492 201489 187433 3536 26176 79760 2401 143551 10435 8632 1798 71244 66912 7586 7148 828
is_linear=0
shrinkage=0.01


end of trees

feature_importances:
dropoff_distance_log=778
pickup_distance_log=521
driver_orders_category_unassigned=267
courier_Motorbike=240
territory_North=211
courier_UberEats=181
geo_Defend_CP=158
surface_POS=128
surface_Unspecified=128
cos_hour=69
surface_Tablet=63
rest_offer_missing=45
sin_hour=44
pickup_dropoff_ratio_winsor_log=42
hour=35
hour_bin_08-12=25
surface_Web/Mobile=23
day_of_week=13
territory_West=11
courier_Logistics=10
pickup_distance_nan=5
courier_UberX=3

parameters:
[boosting: gbdt]
[objective: regression]
[metric: l1]
[tree_learner: serial]
[device_type: cpu]
[data_sample_strategy: bagging]
[data: ]
[valid: ]
[num_iterations: 100]
[learning_rate: 0.01]
[num_leaves: 31]
[num_threads: 0]
[seed: 0]
[deterministic: 0]
[force_col_wise: 0]
[force_row_wise: 0]
[histogram_pool_size: -1]
[max_depth: -1]
[min_data_in_leaf: 20]
[min_sum_hessian_in_leaf: 0.001]
[bagging_fraction: 1]
[pos_bagging_fraction: 1]
[neg_bagging_fraction: 1]
[bagging_freq: 0]
[bagging_seed: 3]
[bagging_by_query: 0]
[feature_fraction: 1]
[feature_fraction_bynode: 1]
[feature_fraction_seed: 2]
[extra_trees: 0]
[extra_seed: 6]
[early_stopping_round: 0]
[early_stopping_min_delta: 0]
[first_metric_only: 0]
[max_delta_step: 0]
[lambda_l1: 0]
[lambda_l2: 0]
[linear_lambda: 0]
[min_gain_to_split: 0]
[drop_rate: 0.1]
[max_drop: 50]
[skip_drop: 0.5]
[xgboost_dart_mode: 0]
[uniform_drop: 0]
[drop_seed: 4]
[top_rate: 0.2]
[other_rate: 0.1]
[min_data_per_group: 100]
[max_cat_threshold: 32]
[cat_l2: 10]
[cat_smooth: 10]
[max_cat_to_onehot: 4]
[top_k: 20]
[monotone_constraints: ]
[monotone_constraints_method: basic]
[monotone_penalty: 0]
[feature_contri: ]
[forcedsplits_filename: ]
[refit_decay_rate: 0.9]
[cegb_tradeoff: 1]
[cegb_penalty_split: 0]
[cegb_penalty_feature_lazy: ]
[cegb_penalty_feature_coupled: ]
[path_smooth: 0]
[interaction_constraints: ]
[verbosity: -1]
[saved_feature_importance_type: 0]
[use_quantized_grad: 0]
[num_grad_quant_bins: 4]
[quant_train_renew_leaf: 0]
[stochastic_rounding: 1]
[linear_tree: 0]
[max_bin: 255]
[max_bin_by_feature: ]
[min_data_in_bin: 3]
[bin_construct_sample_cnt: 200000]
[data_random_seed: 1]
[is_enable_sparse: 1]
[enable_bundle: 1]
[use_missing: 1]
[zero_as_missing: 0]
[feature_pre_filter: 1]
[pre_partition: 0]
[two_round: 0]
[header: 0]
[label_column: ]
[weight_column: ]
[group_column: ]
[ignore_column: ]
[categorical_feature: ]
[forcedbins_filename: ]
[precise_float_parser: 0]
[parser_config_file: ]
[objective_seed: 5]
[num_class: 1]
[is_unbalance: 0]
[scale_pos_weight: 1]
[sigmoid: 1]
[boost_from_average: 1]
[reg_sqrt: 0]
[alpha: 0.9]
[fair_c: 1]
[poisson_max_delta_step: 0.7]
[tweedie_variance_power: 1.5]
[lambdarank_truncation_level: 30]
[lambdarank_norm: 1]
[label_gain: ]
[lambdarank_position_bias_regularization: 0]
[eval_at: ]
[multi_error_top_k: 1]
[auc_mu_weights: ]
[num_machines: 1]
[local_listen_port: 12400]
[time_out: 120]
[machine_list_filename: ]
[machines: ]
[gpu_platform_id: -1]
[gpu_device_id: -1]
[gpu_use_dp: 0]
[num_gpu: 1]

end of parameters

pandas_categorical:[]
